x,y,z,cycle,goal
-0.486149,-0.709162,0.513703,0,Pick
-0.489456,-0.706346,0.516924,0,Pick
-0.499245,-0.697766,0.526589,0,Pick
-0.515112,-0.683039,0.542704,0,Pick
-0.536337,-0.661554,0.565265,0,Pick
-0.561832,-0.632529,0.594244,0,Pick
-0.590066,-0.595093,0.629552,0,Pick
-0.618976,-0.548419,0.671009,0,Pick
-0.645906,-0.491909,0.718279,0,Pick
-0.667573,-0.425448,0.770808,0,Pick
-0.680116,-0.349731,0.827735,0,Pick
-0.679275,-0.266638,0.887793,0,Pick
-0.660770,-0.179624,0.949216,0,Pick
-0.620910,-0.094029,1.009642,0,Pick
-0.557477,-0.017175,1.066063,0,Pick
-0.470810,0.041930,1.114831,0,Pick
-0.365234,0.073420,1.151691,0,Pick
-0.254194,0.069551,1.171843,0,Pick
-0.150348,0.030207,1.173834,0,Pick
-0.064014,-0.040535,1.157659,0,Pick
-0.003698,-0.135591,1.124058,0,Pick
0.024401,-0.241333,1.076660,0,Pick
0.022090,-0.344702,1.020597,0,Pick
-0.004509,-0.438107,0.959855,0,Pick
-0.048420,-0.517282,0.897735,0,Pick
-0.102959,-0.580696,0.836813,0,Pick
-0.162403,-0.628791,0.778991,0,Pick
-0.222256,-0.663242,0.725590,0,Pick
-0.279244,-0.686344,0.677465,0,Pick
-0.331160,-0.700568,0.635116,0,Pick
-0.376641,-0.708276,0.598788,0,Pick
-0.414937,-0.711554,0.568564,0,Pick
-0.445713,-0.712138,0.544423,0,Pick
-0.468877,-0.711394,0.526298,0,Pick
-0.484465,-0.710324,0.514109,0,Pick
-0.492545,-0.709589,0.507790,0,Pick
-0.493814,-0.709462,0.506798,0,Pick
-0.493814,-0.709462,0.506798,0,Place
-0.489690,-0.710927,0.507097,0,Place
-0.477252,-0.715219,0.507989,0,Place
-0.456307,-0.722032,0.509458,0,Place
-0.426552,-0.730836,0.511475,0,Place
-0.387605,-0.740862,0.514002,0,Place
-0.339051,-0.751072,0.516988,0,Place
-0.280506,-0.760134,0.520369,0,Place
-0.211700,-0.766400,0.524068,0,Place
-0.132581,-0.767896,0.527997,0,Place
-0.043441,-0.762338,0.532051,0,Place
0.054941,-0.747178,0.536112,0,Place
0.161146,-0.719700,0.540046,0,Place
0.272963,-0.677172,0.543705,0,Place
0.387268,-0.617070,0.546924,0,Place
0.499940,-0.537376,0.549523,0,Place
0.605609,-0.437235,0.551305,0,Place
0.694934,-0.322314,0.552060,0,Place
0.763782,-0.197641,0.551745,0,Place
0.810444,-0.067660,0.550363,0,Place
0.833790,0.057359,0.548064,0,Place
0.837158,0.172116,0.545056,0,Place
0.824858,0.274409,0.541523,0,Place
0.801058,0.363214,0.537635,0,Place
0.769556,0.438451,0.533549,0,Place
0.733652,0.500740,0.529408,0,Place
0.696090,0.551175,0.525340,0,Place
0.659069,0.591123,0.521458,0,Place
0.624283,0.622063,0.517863,0,Place
0.592992,0.645465,0.514641,0,Place
0.566094,0.662688,0.511863,0,Place
0.544205,0.674927,0.509590,0,Place
0.527727,0.683160,0.507867,0,Place
0.516907,0.688129,0.506730,0,Place
0.511883,0.690321,0.506200,0,Place
0.511506,0.690483,0.506160,0,Place
0.511506,0.690483,0.506160,1,Pick
0.511463,0.689866,0.506850,1,Pick
0.511331,0.688008,0.508935,1,Pick
0.511097,0.684892,0.512461,1,Pick
0.510739,0.680490,0.517501,1,Pick
0.510226,0.674771,0.524160,1,Pick
0.509516,0.667709,0.532569,1,Pick
0.508556,0.659289,0.542880,1,Pick
0.507279,0.649521,0.555265,1,Pick
0.505603,0.638451,0.569904,1,Pick
0.503425,0.626170,0.586972,1,Pick
0.500619,0.612826,0.606623,1,Pick
0.497033,0.598634,0.628967,1,Pick
0.492476,0.583871,0.654041,1,Pick
0.486714,0.568875,0.681781,1,Pick
0.479459,0.554022,0.711990,1,Pick
0.470386,0.539736,0.744214,1,Pick
0.459610,0.526888,0.776474,1,Pick
0.447117,0.515656,0.807728,1,Pick
0.432764,0.505867,0.837490,1,Pick
0.416420,0.497257,0.865319,1,Pick
0.397975,0.489475,0.890843,1,Pick
0.377347,0.482100,0.913765,1,Pick
0.354489,0.474660,0.933877,1,Pick
0.329397,0.466648,0.951065,1,Pick
0.302115,0.457547,0.965311,1,Pick
0.272741,0.446847,0.976691,1,Pick
0.241427,0.434068,0.985369,1,Pick
0.208382,0.418781,0.991586,1,Pick
0.173870,0.400620,0.995648,1,Pick
0.138207,0.379303,0.997910,1,Pick
0.101751,0.354643,0.998758,1,Pick
0.064902,0.326550,0.998589,1,Pick
0.028084,0.295044,0.997792,1,Pick
-0.008261,0.260245,0.996733,1,Pick
-0.043689,0.222377,0.995731,1,Pick
-0.077766,0.181756,0.995046,1,Pick
-0.110080,0.138780,0.994870,1,Pick
-0.140259,0.093911,0.995312,1,Pick
-0.167979,0.047663,0.996395,1,Pick
-0.192977,0.000581,0.998055,1,Pick
-0.215061,-0.046779,1.000145,1,Pick
-0.234120,-0.093868,1.002440,1,Pick
-0.250124,-0.140161,1.004647,1,Pick
-0.263128,-0.185179,1.006419,1,Pick
-0.273274,-0.228499,1.007374,1,Pick
-0.280783,-0.269766,1.007107,1,Pick
-0.285953,-0.308708,1.005215,1,Pick
-0.289146,-0.345131,1.001313,1,Pick
-0.290777,-0.378932,0.995053,1,Pick
-0.291304,-0.410088,0.986144,1,Pick
-0.291206,-0.438656,0.974363,1,Pick
-0.290975,-0.464762,0.959568,1,Pick
-0.291090,-0.488588,0.941712,1,Pick
-0.292010,-0.510365,0.920838,1,Pick
-0.294151,-0.530351,0.897089,1,Pick
-0.297875,-0.548819,0.870700,1,Pick
-0.303476,-0.566041,0.841989,1,Pick
-0.311170,-0.582275,0.811352,1,Pick
-0.321089,-0.597746,0.779241,1,Pick
-0.333273,-0.612641,0.746154,1,Pick
-0.347206,-0.626665,0.713623,1,Pick
-0.361993,-0.639462,0.683262,1,Pick
-0.377130,-0.651112,0.655406,1,Pick
-0.392158,-0.661656,0.630230,1,Pick
-0.406690,-0.671119,0.607782,1,Pick
-0.420412,-0.679521,0.588019,1,Pick
-0.433087,-0.686891,0.570830,1,Pick
-0.444546,-0.693264,0.556068,1,Pick
-0.454679,-0.698687,0.543568,1,Pick
-0.463421,-0.703211,0.533164,1,Pick
-0.470744,-0.706893,0.524700,1,Pick
-0.476643,-0.709789,0.518037,1,Pick
-0.481127,-0.711947,0.513060,1,Pick
-0.484211,-0.713409,0.509679,1,Pick
-0.485910,-0.714207,0.507831,1,Pick
-0.486281,-0.714381,0.507428,1,Pick
-0.486281,-0.714381,0.507428,1,Place
-0.487433,-0.712903,0.506987,1,Place
-0.490859,-0.708442,0.505674,1,Place
-0.496464,-0.700920,0.503529,1,Place
-0.504092,-0.690211,0.500621,1,Place
-0.513515,-0.676151,0.497048,1,Place
-0.524436,-0.658548,0.492942,1,Place
-0.536483,-0.637202,0.488476,1,Place
-0.549209,-0.611917,0.483864,1,Place
-0.562091,-0.582531,0.479366,1,Place
-0.574544,-0.548940,0.475292,1,Place
-0.585932,-0.511123,0.471999,1,Place
-0.595590,-0.469168,0.469890,1,Place
-0.602858,-0.423297,0.469404,1,Place
-0.607126,-0.373880,0.471007,1,Place
-0.607882,-0.321429,0.475166,1,Place
-0.604781,-0.266737,0.482304,1,Place
-0.598073,-0.212897,0.492275,1,Place
-0.588417,-0.161133,0.504780,1,Place
-0.576461,-0.111631,0.519560,1,Place
-0.562837,-0.064432,0.536306,1,Place
-0.548125,-0.019450,0.554665,1,Place
-0.532829,0.023521,0.574251,1,Place
-0.517352,0.064779,0.594648,1,Place
-0.501979,0.104693,0.615426,1,Place
-0.486870,0.143674,0.636142,1,Place
-0.472045,0.182142,0.656355,1,Place
-0.457397,0.220502,0.675637,1,Place
-0.442692,0.259106,0.693575,1,Place
-0.427586,0.298236,0.709786,1,Place
-0.411648,0.338073,0.723923,1,Place
-0.394381,0.378683,0.735684,1,Place
-0.375252,0.420004,0.744815,1,Place
-0.353720,0.461841,0.751119,1,Place
-0.329273,0.503865,0.754458,1,Place
-0.301450,0.545624,0.754758,1,Place
-0.269877,0.586552,0.752009,1,Place
-0.234285,0.625995,0.746264,1,Place
-0.194533,0.663231,0.737641,1,Place
-0.150625,0.697499,0.726319,1,Place
-0.102710,0.728033,0.712533,1,Place
-0.051092,0.754091,0.696572,1,Place
0.003783,0.774989,0.678768,1,Place
0.061299,0.790123,0.659505,1,Place
0.118392,0.798790,0.640003,1,Place
0.172734,0.801418,0.621238,1,Place
0.223568,0.798993,0.603606,1,Place
0.270367,0.792551,0.587379,1,Place
0.312813,0.783118,0.572718,1,Place
0.350762,0.771664,0.559699,1,Place
0.384210,0.759069,0.548325,1,Place
0.413256,0.746111,0.538553,1,Place
0.438063,0.733454,0.530304,1,Place
0.458831,0.721655,0.523483,1,Place
0.475772,0.711165,0.517987,1,Place
0.489090,0.702341,0.513714,1,Place
0.498964,0.695455,0.510578,1,Place
0.505537,0.690701,0.508506,1,Place
0.508910,0.688208,0.507448,1,Place
0.509424,0.687825,0.507287,1,Place
0.509424,0.687825,0.507287,2,Pick
0.507309,0.688425,0.507290,2,Pick
0.500956,0.690201,0.507303,2,Pick
0.490343,0.693079,0.507349,2,Pick
0.475437,0.696937,0.507465,2,Pick
0.456194,0.701601,0.507702,2,Pick
0.432571,0.706847,0.508124,2,Pick
0.404529,0.712400,0.508810,2,Pick
0.372044,0.717932,0.509852,2,Pick
0.335116,0.723066,0.511354,2,Pick
0.293784,0.727378,0.513431,2,Pick
0.248137,0.730405,0.516205,2,Pick
0.198325,0.731651,0.519801,2,Pick
0.144578,0.730599,0.524346,2,Pick
0.087208,0.726732,0.529960,2,Pick
0.026626,0.719547,0.536750,2,Pick
-0.036492,0.708615,0.544780,2,Pick
-0.098806,0.694285,0.553681,2,Pick
-0.159031,0.676977,0.563224,2,Pick
-0.216964,0.656981,0.573295,2,Pick
-0.272447,0.634601,0.583773,2,Pick
-0.325370,0.610143,0.594532,2,Pick
-0.375668,0.583909,0.605443,2,Pick
-0.423320,0.556191,0.616377,2,Pick
-0.468346,0.527263,0.627201,2,Pick
-0.510800,0.497378,0.637785,2,Pick
-0.550767,0.466759,0.648004,2,Pick
-0.588356,0.435597,0.657735,2,Pick
-0.623694,0.404049,0.666860,2,Pick
-0.656919,0.372236,0.675271,2,Pick
-0.688173,0.340241,0.682866,2,Pick
-0.717592,0.308114,0.689556,2,Pick
-0.745307,0.275869,0.695259,2,Pick
-0.771429,0.243492,0.699907,2,Pick
-0.796050,0.210942,0.703445,2,Pick
-0.819237,0.178157,0.705831,2,Pick
-0.841026,0.145061,0.707035,2,Pick
-0.861424,0.111569,0.707044,2,Pick
-0.880405,0.077595,0.705858,2,Pick
-0.897909,0.043059,0.703491,2,Pick
-0.913848,0.007889,0.699971,2,Pick
-0.928104,-0.027964,0.695342,2,Pick
-0.940534,-0.064530,0.689658,2,Pick
-0.950976,-0.101806,0.682988,2,Pick
-0.959254,-0.139758,0.675413,2,Pick
-0.965182,-0.178316,0.667024,2,Pick
-0.968574,-0.217370,0.657921,2,Pick
-0.969249,-0.256772,0.648213,2,Pick
-0.967039,-0.296335,0.638018,2,Pick
-0.961795,-0.335837,0.627459,2,Pick
-0.953395,-0.375019,0.616661,2,Pick
-0.941751,-0.413593,0.605754,2,Pick
-0.926810,-0.451247,0.594871,2,Pick
-0.908564,-0.487650,0.584140,2,Pick
-0.887050,-0.522459,0.573693,2,Pick
-0.862354,-0.555325,0.563653,2,Pick
-0.834610,-0.585904,0.554141,2,Pick
-0.804002,-0.613861,0.545272,2,Pick
-0.771342,-0.638483,0.537283,2,Pick
-0.738640,-0.658745,0.530532,2,Pick
-0.706608,-0.674966,0.524954,2,Pick
-0.675782,-0.687585,0.520440,2,Pick
-0.646598,-0.697071,0.516872,2,Pick
-0.619396,-0.703903,0.514123,2,Pick
-0.594434,-0.708548,0.512066,2,Pick
-0.571896,-0.711452,0.510581,2,Pick
-0.551907,-0.713024,0.509553,2,Pick
-0.534546,-0.713634,0.508878,2,Pick
-0.519855,-0.713605,0.508465,2,Pick
-0.507852,-0.713209,0.508235,2,Pick
-0.498540,-0.712673,0.508124,2,Pick
-0.491912,-0.712168,0.508080,2,Pick
-0.487961,-0.711818,0.508068,2,Pick
-0.486680,-0.711697,0.508067,2,Pick
-0.486680,-0.711697,0.508067,2,Place
-0.487604,-0.712213,0.508575,2,Place
-0.490396,-0.713722,0.510115,2,Place
-0.495109,-0.716101,0.512731,2,Place
-0.501826,-0.719142,0.516495,2,Place
-0.510651,-0.722543,0.521499,2,Place
-0.521695,-0.725898,0.527853,2,Place
-0.535058,-0.728693,0.535677,2,Place
-0.550803,-0.730291,0.545084,2,Place
-0.568925,-0.729937,0.556172,2,Place
-0.589310,-0.726752,0.569005,2,Place
-0.611693,-0.719754,0.583592,2,Place
-0.635607,-0.707884,0.599866,2,Place
-0.660342,-0.690054,0.617661,2,Place
-0.684904,-0.665219,0.636686,2,Place
-0.707995,-0.632467,0.656504,2,Place
-0.727975,-0.591252,0.676462,2,Place
-0.742551,-0.543588,0.695021,2,Place
-0.750695,-0.491154,0.711381,2,Place
-0.751974,-0.435118,0.725133,2,Place
-0.746204,-0.376699,0.735932,2,Place
-0.733447,-0.317110,0.743508,2,Place
-0.714003,-0.257505,0.747671,2,Place
-0.688386,-0.198923,0.748319,2,Place
-0.657286,-0.142250,0.745434,2,Place
-0.621533,-0.088181,0.739091,2,Place
-0.582038,-0.037198,0.729449,2,Place
-0.539745,0.010439,0.716750,2,Place
-0.495577,0.054692,0.701313,2,Place
-0.450378,0.095730,0.683527,2,Place
-0.404873,0.133898,0.663838,2,Place
-0.359629,0.169683,0.642741,2,Place
-0.315023,0.203670,0.620765,2,Place
-0.271227,0.236490,0.598462,2,Place
-0.228209,0.268765,0.576393,2,Place
-0.185737,0.301063,0.555111,2,Place
-0.143403,0.333844,0.535150,2,Place
-0.100653,0.367422,0.517013,2,Place
-0.056836,0.401932,0.501154,2,Place
-0.011243,0.437312,0.487971,2,Place
0.036531,0.473070,0.477849,2,Place
0.084572,0.507024,0.471236,2,Place
0.132272,0.538306,0.467798,2,Place
0.179281,0.566515,0.467025,2,Place
0.225108,0.591401,0.468383,2,Place
0.269191,0.612877,0.471349,2,Place
0.310948,0.631005,0.475436,2,Place
0.349828,0.645968,0.480202,2,Place
0.385333,0.658043,0.485261,2,Place
0.417036,0.667559,0.490286,2,Place
0.444586,0.674871,0.495002,2,Place
0.467706,0.680326,0.499191,2,Place
0.486186,0.684243,0.502680,2,Place
0.499873,0.686890,0.505341,2,Place
0.508665,0.688478,0.507084,2,Place
0.512499,0.689142,0.507851,2,Place
0.512680,0.689173,0.507888,2,Place
0.512680,0.689173,0.507888,3,Pick
0.507682,0.689301,0.507888,3,Pick
0.492685,0.689581,0.507889,3,Pick
0.467682,0.689705,0.507891,3,Pick
0.432677,0.689158,0.507893,3,Pick
0.387714,0.687220,0.507896,3,Pick
0.332909,0.682969,0.507899,3,Pick
0.268498,0.675290,0.507903,3,Pick
0.194893,0.662894,0.507906,3,Pick
0.112739,0.644344,0.507910,3,Pick
0.022986,0.618104,0.507913,3,Pick
-0.073045,0.582605,0.507916,3,Pick
-0.173605,0.536334,0.507918,3,Pick
-0.276461,0.477953,0.507919,3,Pick
-0.378874,0.406446,0.507919,3,Pick
-0.477612,0.321289,0.507917,3,Pick
-0.568771,0.222922,0.507913,3,Pick
-0.645445,0.117280,0.507908,3,Pick
-0.705311,0.008476,0.507900,3,Pick
-0.748058,-0.100830,0.507890,3,Pick
-0.773796,-0.207956,0.507879,3,Pick
-0.783035,-0.309080,0.507865,3,Pick
-0.777839,-0.397709,0.507851,3,Pick
-0.761823,-0.472923,0.507836,3,Pick
-0.738295,-0.535032,0.507821,3,Pick
-0.710103,-0.584886,0.507806,3,Pick
-0.679607,-0.623704,0.507792,3,Pick
-0.648691,-0.652920,0.507778,3,Pick
-0.618804,-0.674062,0.507765,3,Pick
-0.591012,-0.688651,0.507753,3,Pick
-0.566067,-0.698132,0.507742,3,Pick
-0.544466,-0.703817,0.507733,3,Pick
-0.526515,-0.706852,0.507725,3,Pick
-0.512387,-0.708193,0.507718,3,Pick
-0.502163,-0.708596,0.507714,3,Pick
-0.495875,-0.708608,0.507711,3,Pick
-0.493531,-0.708567,0.507710,3,Pick
-0.493514,-0.708566,0.507710,3,Pick
-0.493514,-0.708566,0.507710,3,Place
-0.495710,-0.708614,0.507711,3,Place
-0.502299,-0.708649,0.507714,3,Place
-0.513276,-0.708353,0.507720,3,Place
-0.528616,-0.707194,0.507728,3,Place
-0.548245,-0.704431,0.507738,3,Place
-0.572007,-0.699118,0.507750,3,Place
-0.599613,-0.690116,0.507764,3,Place
-0.630590,-0.676115,0.507781,3,Place
-0.664214,-0.655667,0.507799,3,Place
-0.699447,-0.627237,0.507819,3,Place
-0.734875,-0.589275,0.507841,3,Place
-0.768642,-0.540312,0.507865,3,Place
-0.798415,-0.479083,0.507890,3,Place
-0.821365,-0.404680,0.507917,3,Place
-0.834186,-0.316721,0.507945,3,Place
-0.833192,-0.215831,0.507974,3,Place
-0.815737,-0.108219,0.508003,3,Place
-0.781123,0.001874,0.508030,3,Place
-0.729188,0.111731,0.508058,3,Place
-0.660197,0.218647,0.508084,3,Place
-0.574835,0.319992,0.508109,3,Place
-0.476382,0.411475,0.508133,3,Place
-0.372114,0.488211,0.508155,3,Place
-0.265811,0.550447,0.508175,3,Place
-0.160601,0.599174,0.508193,3,Place
-0.059052,0.635796,0.508209,3,Place
0.036816,0.661961,0.508223,3,Place
0.125483,0.679423,0.508235,3,Place
0.205867,0.689928,0.508246,3,Place
0.277243,0.695135,0.508255,3,Place
0.339175,0.696556,0.508263,3,Place
0.391436,0.695529,0.508270,3,Place
0.433948,0.693185,0.508275,3,Place
0.466723,0.690449,0.508279,3,Place
0.489815,0.688033,0.508282,3,Place
0.503288,0.686435,0.508284,3,Place
0.507227,0.685942,0.508284,3,Place
0.507227,0.685942,0.508284,4,Pick
0.503138,0.686442,0.509920,4,Pick
0.490857,0.687799,0.514836,4,Pick
0.470365,0.689576,0.523054,4,Pick
0.441657,0.691046,0.534611,4,Pick
0.404804,0.691189,0.549550,4,Pick
0.360021,0.688709,0.567922,4,Pick
0.307762,0.682052,0.589770,4,Pick
0.248827,0.669466,0.615127,4,Pick
0.184483,0.649088,0.643999,4,Pick
0.116573,0.619081,0.676351,4,Pick
0.047613,0.577836,0.712087,4,Pick
-0.019174,0.524235,0.751029,4,Pick
-0.079897,0.457966,0.792891,4,Pick
-0.130176,0.379884,0.837250,4,Pick
-0.165472,0.292359,0.883518,4,Pick
-0.181608,0.199795,0.930785,4,Pick
-0.176409,0.111881,0.976108,4,Pick
-0.151938,0.035284,1.018156,4,Pick
-0.111942,-0.025638,1.056407,4,Pick
-0.061168,-0.067615,1.090371,4,Pick
-0.005059,-0.088702,1.119606,4,Pick
0.050604,-0.088423,1.143721,4,Pick
0.100099,-0.067817,1.162389,4,Pick
0.138153,-0.029386,1.175350,4,Pick
0.160311,0.023068,1.182420,4,Pick
0.163247,0.084697,1.183492,4,Pick
0.145006,0.149929,1.178540,4,Pick
0.105144,0.212845,1.167616,4,Pick
0.044771,0.267589,1.150851,4,Pick
-0.033517,0.308759,1.128451,4,Pick
-0.125805,0.331776,1.100693,4,Pick
-0.227119,0.333195,1.067913,4,Pick
-0.331745,0.310931,1.030504,4,Pick
-0.433608,0.264397,0.988906,4,Pick
-0.526654,0.194540,0.943591,4,Pick
-0.603574,0.106158,0.896252,4,Pick
-0.658994,0.008495,0.849622,4,Pick
-0.693496,-0.092149,0.804559,4,Pick
-0.709207,-0.190680,0.761709,4,Pick
-0.709159,-0.283308,0.721560,4,Pick
-0.696800,-0.367501,0.684470,4,Pick
-0.675616,-0.441833,0.650687,4,Pick
-0.648877,-0.505763,0.620378,4,Pick
-0.619481,-0.559406,0.593644,4,Pick
-0.589887,-0.603314,0.570542,4,Pick
-0.562098,-0.638289,0.551096,4,Pick
-0.537685,-0.665222,0.535311,4,Pick
-0.517836,-0.684972,0.523178,4,Pick
-0.503400,-0.698281,0.514687,4,Pick
-0.494938,-0.705704,0.509825,4,Pick
-0.492678,-0.707642,0.508540,4,Pick
-0.492678,-0.707642,0.508540,4,Place
-0.493458,-0.706984,0.508606,4,Place
-0.495792,-0.704999,0.508803,4,Place
-0.499661,-0.701657,0.509131,4,Place
-0.505034,-0.696906,0.509588,4,Place
-0.511865,-0.690675,0.510170,4,Place
-0.520092,-0.682875,0.510875,4,Place
-0.529639,-0.673396,0.511699,4,Place
-0.540409,-0.662116,0.512637,4,Place
-0.552287,-0.648894,0.513682,4,Place
-0.565132,-0.633579,0.514830,4,Place
-0.578782,-0.616009,0.516071,4,Place
-0.593044,-0.596017,0.517399,4,Place
-0.607699,-0.573429,0.518803,4,Place
-0.622492,-0.548076,0.520275,4,Place
-0.637136,-0.519794,0.521802,4,Place
-0.651272,-0.488516,0.523369,4,Place
-0.664020,-0.455621,0.524897,4,Place
-0.675082,-0.421697,0.526359,4,Place
-0.684408,-0.386836,0.527753,4,Place
-0.691954,-0.351133,0.529080,4,Place
-0.697680,-0.314684,0.530339,4,Place
-0.701551,-0.277588,0.531529,4,Place
-0.703539,-0.239946,0.532650,4,Place
-0.703622,-0.201860,0.533701,4,Place
-0.701782,-0.163430,0.534682,4,Place
-0.698009,-0.124762,0.535592,4,Place
-0.692295,-0.085957,0.536430,4,Place
-0.684643,-0.047120,0.537197,4,Place
-0.675056,-0.008353,0.537891,4,Place
-0.663548,0.030242,0.538512,4,Place
-0.650135,0.068564,0.539060,4,Place
-0.634841,0.106513,0.539535,4,Place
-0.617692,0.143992,0.539935,4,Place
-0.598723,0.180903,0.540260,4,Place
-0.577972,0.217155,0.540511,4,Place
-0.555483,0.252655,0.540686,4,Place
-0.531304,0.287316,0.540786,4,Place
-0.505489,0.321053,0.540809,4,Place
-0.478095,0.353782,0.540756,4,Place
-0.449184,0.385428,0.540627,4,Place
-0.418822,0.415915,0.540420,4,Place
-0.387078,0.445173,0.540137,4,Place
-0.354027,0.473136,0.539775,4,Place
-0.319744,0.499742,0.539336,4,Place
-0.284309,0.524936,0.538820,4,Place
-0.247805,0.548664,0.538225,4,Place
-0.210315,0.570879,0.537551,4,Place
-0.171927,0.591540,0.536800,4,Place
-0.132730,0.610608,0.535969,4,Place
-0.092813,0.628052,0.535060,4,Place
-0.052268,0.643846,0.534072,4,Place
-0.011187,0.657967,0.533005,4,Place
0.030336,0.670400,0.531859,4,Place
0.072209,0.681134,0.530633,4,Place
0.114337,0.690164,0.529329,4,Place
0.156629,0.697488,0.527945,4,Place
0.198923,0.703105,0.526485,4,Place
0.239311,0.706898,0.525016,4,Place
0.276918,0.709062,0.523580,4,Place
0.311705,0.709896,0.522191,4,Place
0.343657,0.709671,0.520860,4,Place
0.372779,0.708639,0.519601,4,Place
0.399087,0.707024,0.518422,4,Place
0.422610,0.705027,0.517335,4,Place
0.443383,0.702827,0.516347,4,Place
0.461444,0.700577,0.515466,4,Place
0.476831,0.698411,0.514698,4,Place
0.489581,0.696442,0.514051,4,Place
0.499728,0.694760,0.513527,4,Place
0.507301,0.693439,0.513132,4,Place
0.512322,0.692531,0.512868,4,Place
0.514806,0.692073,0.512736,4,Place
0.515100,0.692018,0.512721,4,Place
0.515100,0.692018,0.512721,5,Pick
0.513483,0.692387,0.513046,5,Pick
0.508623,0.693477,0.514029,5,Pick
0.500496,0.695237,0.515688,5,Pick
0.489061,0.697581,0.518055,5,Pick
0.474264,0.700388,0.521173,5,Pick
0.456044,0.703493,0.525094,5,Pick
0.434333,0.706690,0.529878,5,Pick
0.409067,0.709725,0.535588,5,Pick
0.380189,0.712295,0.542289,5,Pick
0.347665,0.714043,0.550040,5,Pick
0.311491,0.714559,0.558894,5,Pick
0.271710,0.713380,0.568886,5,Pick
0.228425,0.709996,0.580032,5,Pick
0.181820,0.703855,0.592315,5,Pick
0.132173,0.694380,0.605683,5,Pick
0.080014,0.681028,0.619996,5,Pick
0.028147,0.664099,0.634455,5,Pick
-0.022248,0.643910,0.648671,5,Pick
-0.070861,0.620630,0.662489,5,Pick
-0.117411,0.594469,0.675759,5,Pick
-0.161646,0.565675,0.688336,5,Pick
-0.203349,0.534523,0.700082,5,Pick
-0.242344,0.501320,0.710870,5,Pick
-0.278497,0.466386,0.720583,5,Pick
-0.311721,0.430057,0.729113,5,Pick
-0.341971,0.392676,0.736368,5,Pick
-0.369251,0.354582,0.742268,5,Pick
-0.393609,0.316110,0.746749,5,Pick
-0.415136,0.277577,0.749759,5,Pick
-0.433962,0.239283,0.751267,5,Pick
-0.450252,0.201501,0.751254,5,Pick
-0.464205,0.164471,0.749720,5,Pick
-0.476043,0.128402,0.746679,5,Pick
-0.486008,0.093463,0.742164,5,Pick
-0.494355,0.059784,0.736222,5,Pick
-0.501346,0.027452,0.728916,5,Pick
-0.507244,-0.003486,0.720324,5,Pick
-0.512305,-0.033024,0.710538,5,Pick
-0.516770,-0.061193,0.699662,5,Pick
-0.520863,-0.088062,0.687813,5,Pick
-0.524785,-0.113729,0.675117,5,Pick
-0.528706,-0.138322,0.661711,5,Pick
-0.532765,-0.161990,0.647738,5,Pick
-0.537065,-0.184896,0.633349,5,Pick
-0.541670,-0.207217,0.618696,5,Pick
-0.546608,-0.229131,0.603938,5,Pick
-0.551866,-0.250814,0.589234,5,Pick
-0.557395,-0.272433,0.574739,5,Pick
-0.563112,-0.294139,0.560611,5,Pick
-0.568898,-0.316065,0.547001,5,Pick
-0.574609,-0.338315,0.534054,5,Pick
-0.580077,-0.360964,0.521909,5,Pick
-0.585114,-0.384054,0.510697,5,Pick
-0.589521,-0.407589,0.500537,5,Pick
-0.593092,-0.431535,0.491537,5,Pick
-0.595622,-0.455821,0.483795,5,Pick
-0.596912,-0.480335,0.477392,5,Pick
-0.596777,-0.504928,0.472397,5,Pick
-0.595052,-0.529418,0.468862,5,Pick
-0.591594,-0.553590,0.466824,5,Pick
-0.586338,-0.577032,0.466303,5,Pick
-0.579636,-0.598436,0.467188,5,Pick
-0.571840,-0.617531,0.469212,5,Pick
-0.563273,-0.634325,0.472105,5,Pick
-0.554253,-0.648884,0.475618,5,Pick
-0.545081,-0.661324,0.479526,5,Pick
-0.536028,-0.671800,0.483625,5,Pick
-0.527335,-0.680490,0.487738,5,Pick
-0.519210,-0.687583,0.491711,5,Pick
-0.511823,-0.693273,0.495416,5,Pick
-0.505317,-0.697746,0.498745,5,Pick
-0.499804,-0.701170,0.501610,5,Pick
-0.495369,-0.703696,0.503942,5,Pick
-0.492076,-0.705444,0.505688,5,Pick
-0.489969,-0.706508,0.506813,5,Pick
-0.489075,-0.706947,0.507291,5,Pick
-0.489042,-0.706963,0.507309,5,Pick
-0.489042,-0.706963,0.507309,5,Place
-0.488974,-0.706361,0.507830,5,Place
-0.488768,-0.704550,0.509407,5,Place
-0.488422,-0.701512,0.512083,5,Place
-0.487928,-0.697222,0.515928,5,Place
-0.487272,-0.691651,0.521039,5,Place
-0.486428,-0.684771,0.527540,5,Place
-0.485355,-0.676566,0.535578,5,Place
-0.483986,-0.667038,0.545315,5,Place
-0.482227,-0.656219,0.556925,5,Place
-0.479945,-0.644180,0.570579,5,Place
-0.476957,-0.631036,0.586426,5,Place
-0.473032,-0.616956,0.604576,5,Place
-0.467873,-0.602157,0.625074,5,Place
-0.461122,-0.586899,0.647863,5,Place
-0.452354,-0.571462,0.672759,5,Place
-0.441119,-0.556156,0.699348,5,Place
-0.427567,-0.541803,0.725932,5,Place
-0.411763,-0.528549,0.751580,5,Place
-0.393652,-0.516194,0.775826,5,Place
-0.373231,-0.504452,0.798248,5,Place
-0.350549,-0.492968,0.818489,5,Place
-0.325706,-0.481335,0.836270,5,Place
-0.298854,-0.469107,0.851400,5,Place
-0.270192,-0.455825,0.863779,5,Place
-0.239965,-0.441035,0.873407,5,Place
-0.208460,-0.424309,0.880373,5,Place
-0.175996,-0.405264,0.884859,5,Place
-0.142923,-0.383581,0.887119,5,Place
-0.109607,-0.359022,0.887477,5,Place
-0.076430,-0.331439,0.886302,5,Place
-0.043773,-0.300784,0.883996,5,Place
-0.012011,-0.267114,0.880970,5,Place
0.018498,-0.230587,0.877630,5,Place
0.047421,-0.191464,0.874354,5,Place
0.074462,-0.150096,0.871474,5,Place
0.099365,-0.106910,0.869264,5,Place
0.121926,-0.062400,0.867926,5,Place
0.141996,-0.017103,0.867576,5,Place
0.159488,0.028419,0.868247,5,Place
0.174377,0.073599,0.869882,5,Place
0.186705,0.117886,0.872335,5,Place
0.196575,0.160766,0.875383,5,Place
0.204157,0.201782,0.878735,5,Place
0.209677,0.240545,0.882040,5,Place
0.213413,0.276752,0.884911,5,Place
0.215690,0.310192,0.886939,5,Place
0.216872,0.340753,0.887711,5,Place
0.217347,0.368421,0.886834,5,Place
0.217525,0.393280,0.883948,5,Place
0.217819,0.415503,0.878750,5,Place
0.218639,0.435339,0.871002,5,Place
0.220378,0.453105,0.860552,5,Place
0.223406,0.469161,0.847332,5,Place
0.228051,0.483901,0.831374,5,Place
0.234600,0.497725,0.812802,5,Place
0.243284,0.511025,0.791834,5,Place
0.254277,0.524166,0.768772,5,Place
0.267686,0.537466,0.743994,5,Place
0.283552,0.551184,0.717934,5,Place
0.301848,0.565505,0.691071,5,Place
0.321774,0.580037,0.664788,5,Place
0.342239,0.594232,0.640383,5,Place
0.362724,0.607929,0.618152,5,Place
0.382771,0.620950,0.598238,5,Place
0.401993,0.633132,0.580667,5,Place
0.420075,0.644339,0.565374,5,Place
0.436771,0.654473,0.552238,5,Place
0.451899,0.663473,0.541102,5,Place
0.465326,0.671308,0.531794,5,Place
0.476967,0.677978,0.524147,5,Place
0.486766,0.683499,0.518002,5,Place
0.494693,0.687900,0.513220,5,Place
0.500735,0.691212,0.509687,5,Place
0.504887,0.693466,0.507314,5,Place
0.507150,0.694687,0.506040,5,Place
0.507610,0.694935,0.505782,5,Place
0.507610,0.694935,0.505782,6,Pick
0.506031,0.695253,0.505786,6,Pick
0.501291,0.696195,0.505798,6,Pick
0.493381,0.697723,0.505817,6,Pick
0.482284,0.699774,0.505844,6,Pick
0.467982,0.702260,0.505879,6,Pick
0.450451,0.705065,0.505921,6,Pick
0.429667,0.708050,0.505972,6,Pick
0.405608,0.711046,0.506030,6,Pick
0.378255,0.713860,0.506095,6,Pick
0.347598,0.716270,0.506169,6,Pick
0.313637,0.718030,0.506250,6,Pick
0.276389,0.718864,0.506339,6,Pick
0.235893,0.718473,0.506435,6,Pick
0.192211,0.716534,0.506540,6,Pick
0.145437,0.712701,0.506652,6,Pick
0.095840,0.706631,0.506771,6,Pick
0.045830,0.698382,0.506892,6,Pick
-0.003674,0.688061,0.507014,6,Pick
-0.052560,0.675697,0.507135,6,Pick
-0.100717,0.661328,0.507257,6,Pick
-0.148036,0.644996,0.507378,6,Pick
-0.194413,0.626751,0.507499,6,Pick
-0.239745,0.606645,0.507621,6,Pick
-0.283931,0.584739,0.507742,6,Pick
-0.326876,0.561098,0.507864,6,Pick
-0.368486,0.535792,0.507985,6,Pick
-0.408674,0.508896,0.508107,6,Pick
-0.447355,0.480491,0.508228,6,Pick
-0.484448,0.450660,0.508350,6,Pick
-0.519878,0.419492,0.508471,6,Pick
-0.553576,0.387079,0.508592,6,Pick
-0.585475,0.353518,0.508714,6,Pick
-0.615517,0.318909,0.508835,6,Pick
-0.643647,0.283354,0.508957,6,Pick
-0.669815,0.246959,0.509078,6,Pick
-0.693980,0.209831,0.509200,6,Pick
-0.716104,0.172082,0.509321,6,Pick
-0.736157,0.133822,0.509443,6,Pick
-0.754114,0.095167,0.509564,6,Pick
-0.769956,0.056230,0.509686,6,Pick
-0.783671,0.017126,0.509807,6,Pick
-0.795254,-0.022027,0.509929,6,Pick
-0.804705,-0.061114,0.510050,6,Pick
-0.812031,-0.100018,0.510172,6,Pick
-0.817244,-0.138625,0.510294,6,Pick
-0.820365,-0.176819,0.510415,6,Pick
-0.821418,-0.214488,0.510537,6,Pick
-0.820436,-0.251519,0.510658,6,Pick
-0.817456,-0.287802,0.510780,6,Pick
-0.812522,-0.323231,0.510901,6,Pick
-0.805684,-0.357699,0.511023,6,Pick
-0.796996,-0.391105,0.511144,6,Pick
-0.786519,-0.423348,0.511266,6,Pick
-0.774320,-0.454335,0.511388,6,Pick
-0.760469,-0.483972,0.511509,6,Pick
-0.745042,-0.512173,0.511631,6,Pick
-0.728120,-0.538852,0.511752,6,Pick
-0.709788,-0.563931,0.511874,6,Pick
-0.690135,-0.587336,0.511996,6,Pick
-0.669507,-0.608752,0.512116,6,Pick
-0.649095,-0.627285,0.512229,6,Pick
-0.629272,-0.643102,0.512334,6,Pick
-0.610270,-0.656479,0.512432,6,Pick
-0.592281,-0.667687,0.512522,6,Pick
-0.575468,-0.676983,0.512604,6,Pick
-0.559959,-0.684613,0.512678,6,Pick
-0.545860,-0.690804,0.512745,6,Pick
-0.533254,-0.695763,0.512803,6,Pick
-0.522205,-0.699678,0.512855,6,Pick
-0.512764,-0.702711,0.512898,6,Pick
-0.504965,-0.705005,0.512934,6,Pick
-0.498838,-0.706675,0.512961,6,Pick
-0.494400,-0.707813,0.512982,6,Pick
-0.491664,-0.708484,0.512994,6,Pick
-0.490637,-0.708730,0.512999,6,Pick
-0.490628,-0.708732,0.512999,6,Pick
-0.490628,-0.708732,0.512999,6,Place
-0.491857,-0.707932,0.513032,6,Place
-0.495523,-0.705510,0.513152,6,Place
-0.501568,-0.701411,0.513420,6,Place
-0.509892,-0.695548,0.513934,6,Place
-0.520359,-0.687816,0.514835,6,Place
-0.532802,-0.678105,0.516302,6,Place
-0.547027,-0.666314,0.518545,6,Place
-0.562830,-0.652371,0.521803,6,Place
-0.580015,-0.636246,0.526323,6,Place
-0.598420,-0.617952,0.532347,6,Place
-0.617950,-0.597541,0.540078,6,Place
-0.638600,-0.575073,0.549647,6,Place
-0.660475,-0.550564,0.561071,6,Place
-0.683787,-0.523910,0.574212,6,Place
-0.708798,-0.494784,0.588738,6,Place
-0.735646,-0.462634,0.604062,6,Place
-0.763079,-0.428054,0.618806,6,Place
-0.790273,-0.390720,0.632122,6,Place
-0.816481,-0.349860,0.643545,6,Place
-0.840641,-0.304878,0.652773,6,Place
-0.861448,-0.255457,0.659688,6,Place
-0.877080,-0.203244,0.664260,6,Place
-0.886416,-0.151056,0.666832,6,Place
-0.889616,-0.100137,0.668032,6,Place
-0.887258,-0.051627,0.668416,6,Place
-0.880224,-0.006459,0.668427,6,Place
-0.869571,0.034692,0.668384,6,Place
-0.856422,0.071411,0.668481,6,Place
-0.841873,0.103518,0.668811,6,Place
-0.826930,0.131019,0.669382,6,Place
-0.812216,0.154325,0.669987,6,Place
-0.795700,0.176279,0.669072,6,Place
-0.777004,0.197342,0.666563,6,Place
-0.756349,0.217362,0.662803,6,Place
-0.732561,0.237697,0.658531,6,Place
-0.704049,0.259729,0.655105,6,Place
-0.670620,0.282932,0.653206,6,Place
-0.632308,0.306719,0.653585,6,Place
-0.589439,0.330539,0.657019,6,Place
-0.542675,0.353980,0.664226,6,Place
-0.493017,0.376905,0.675737,6,Place
-0.441716,0.399594,0.691737,6,Place
-0.390094,0.422841,0.711879,6,Place
-0.340194,0.447468,0.734641,6,Place
-0.294163,0.473851,0.757261,6,Place
-0.251194,0.502975,0.777718,6,Place
-0.209926,0.535282,0.794124,6,Place
-0.168728,0.570537,0.804846,6,Place
-0.125944,0.607820,0.808631,6,Place
-0.080129,0.645608,0.804703,6,Place
-0.030249,0.681933,0.792823,6,Place
0.024181,0.714608,0.773298,6,Place
0.081076,0.740720,0.747895,6,Place
0.137423,0.758679,0.719389,6,Place
0.191817,0.768833,0.689791,6,Place
0.243056,0.772128,0.660708,6,Place
0.290260,0.769856,0.633305,6,Place
0.332884,0.763430,0.608338,6,Place
0.370679,0.754223,0.586219,6,Place
0.403619,0.743462,0.567098,6,Place
0.431830,0.732181,0.550939,6,Place
0.455516,0.721212,0.537598,6,Place
0.474915,0.711196,0.526871,6,Place
0.490259,0.702608,0.518540,6,Place
0.501750,0.695790,0.512403,6,Place
0.509549,0.690972,0.508293,6,Place
0.513770,0.688301,0.506089,6,Place
0.514631,0.687751,0.505641,6,Place
0.514631,0.687751,0.505641,7,Pick
0.515925,0.687312,0.506171,7,Pick
0.519804,0.685955,0.507776,7,Pick
0.526248,0.683557,0.510504,7,Pick
0.535219,0.679911,0.514429,7,Pick
0.546650,0.674726,0.519648,7,Pick
0.560429,0.667623,0.526279,7,Pick
0.576382,0.658139,0.534442,7,Pick
0.594253,0.645733,0.544258,7,Pick
0.613670,0.629793,0.555826,7,Pick
0.634125,0.609658,0.569208,7,Pick
0.654940,0.584647,0.584405,7,Pick
0.675248,0.554106,0.601336,7,Pick
0.693978,0.517462,0.619813,7,Pick
0.709859,0.474296,0.639512,7,Pick
0.721444,0.424422,0.659950,7,Pick
0.727165,0.368132,0.680419,7,Pick
0.725738,0.308676,0.699308,7,Pick
0.716991,0.248066,0.715780,7,Pick
0.701131,0.187407,0.729409,7,Pick
0.678579,0.127739,0.739841,7,Pick
0.649951,0.069990,0.746808,7,Pick
0.616021,0.014941,0.750133,7,Pick
0.577684,-0.036809,0.749735,7,Pick
0.535909,-0.084857,0.745629,7,Pick
0.491690,-0.129011,0.737931,7,Pick
0.445998,-0.169282,0.726849,7,Pick
0.399731,-0.205877,0.712680,7,Pick
0.353671,-0.239170,0.695803,7,Pick
0.308452,-0.269668,0.676669,7,Pick
0.264528,-0.297976,0.655787,7,Pick
0.222162,-0.324750,0.633713,7,Pick
0.181414,-0.350646,0.611032,7,Pick
0.142152,-0.376277,0.588347,7,Pick
0.104067,-0.402168,0.566260,7,Pick
0.066699,-0.428716,0.545358,7,Pick
0.029476,-0.456158,0.526193,7,Pick
-0.008250,-0.484552,0.509276,7,Pick
-0.047150,-0.513762,0.495055,7,Pick
-0.087730,-0.543359,0.483939,7,Pick
-0.128507,-0.571482,0.476472,7,Pick
-0.168850,-0.597207,0.472388,7,Pick
-0.208491,-0.620157,0.471165,7,Pick
-0.247036,-0.640118,0.472249,7,Pick
-0.284024,-0.657035,0.475090,7,Pick
-0.318985,-0.670999,0.479171,7,Pick
-0.351473,-0.682216,0.484023,7,Pick
-0.381094,-0.690976,0.489232,7,Pick
-0.407519,-0.697617,0.494448,7,Pick
-0.430480,-0.702492,0.499377,7,Pick
-0.449776,-0.705947,0.503784,7,Pick
-0.465257,-0.708295,0.507485,7,Pick
-0.476819,-0.709803,0.510340,7,Pick
-0.484395,-0.710676,0.512252,7,Pick
-0.487943,-0.711054,0.513158,7,Pick
-0.488231,-0.711084,0.513232,7,Pick
-0.488231,-0.711084,0.513232,7,Place
-0.485758,-0.710839,0.512735,7,Place
-0.478351,-0.710061,0.511258,7,Place
-0.466048,-0.708628,0.508846,7,Place
-0.448921,-0.706336,0.505575,7,Place
-0.427080,-0.702913,0.501556,7,Place
-0.400685,-0.698026,0.496942,7,Place
-0.369958,-0.691298,0.491927,7,Place
-0.335192,-0.682327,0.486755,7,Place
-0.296759,-0.670714,0.481724,7,Place
-0.255113,-0.656091,0.477186,7,Place
-0.210785,-0.638160,0.473548,7,Place
-0.164359,-0.616729,0.471267,7,Place
-0.116449,-0.591744,0.470839,7,Place
-0.067645,-0.563317,0.472779,7,Place
-0.018450,-0.531732,0.477603,7,Place
0.030655,-0.497527,0.485755,7,Place
0.077527,-0.462805,0.497029,7,Place
0.121956,-0.428574,0.511042,7,Place
0.164604,-0.395101,0.527458,7,Place
0.206133,-0.362459,0.545878,7,Place
0.247156,-0.330532,0.565860,7,Place
0.288198,-0.299039,0.586920,7,Place
0.329648,-0.267557,0.608551,7,Place
0.371738,-0.235562,0.630230,7,Place
0.414513,-0.202471,0.651435,7,Place
0.457829,-0.167690,0.671655,7,Place
0.501350,-0.130660,0.690401,7,Place
0.544565,-0.090908,0.707220,7,Place
0.586807,-0.048083,0.721707,7,Place
0.627293,-0.001996,0.733511,7,Place
0.665161,0.047352,0.742345,7,Place
0.699518,0.099760,0.747995,7,Place
0.729491,0.154816,0.750322,7,Place
0.754276,0.211909,0.749267,7,Place
0.773183,0.270242,0.744853,7,Place
0.785682,0.328868,0.737183,7,Place
0.791433,0.386720,0.726438,7,Place
0.790313,0.442664,0.712872,7,Place
0.782428,0.495542,0.696808,7,Place
0.768119,0.544230,0.678629,7,Place
0.748047,0.587500,0.658859,7,Place
0.724317,0.622927,0.638990,7,Place
0.698767,0.650466,0.619859,7,Place
0.672750,0.670919,0.601909,7,Place
0.647329,0.685246,0.585437,7,Place
0.623288,0.694474,0.570621,7,Place
0.601165,0.699625,0.557537,7,Place
0.581289,0.701661,0.546183,7,Place
0.563829,0.701457,0.536502,7,Place
0.548835,0.699774,0.528403,7,Place
0.536278,0.697260,0.521772,7,Place
0.526081,0.694447,0.516493,7,Place
0.518147,0.691759,0.512452,7,Place
0.512378,0.689518,0.509553,7,Place
0.508692,0.687956,0.507718,7,Place
0.507029,0.687218,0.506895,7,Place
0.506919,0.687168,0.506841,7,Place
0.506919,0.687168,0.506841,8,Pick
0.504784,0.687734,0.507763,8,Pick
0.498364,0.689379,0.510553,8,Pick
0.487611,0.691945,0.515271,8,Pick
0.472458,0.695161,0.522018,8,Pick
0.452829,0.698632,0.530927,8,Pick
0.428670,0.701836,0.542153,8,Pick
0.399975,0.704104,0.555863,8,Pick
0.366833,0.704627,0.572216,8,Pick
0.329478,0.702458,0.591336,8,Pick
0.288349,0.696539,0.613280,8,Pick
0.244152,0.685753,0.638001,8,Pick
0.197906,0.669006,0.665295,8,Pick
0.150971,0.645339,0.694757,8,Pick
0.105934,0.614790,0.725102,8,Pick
0.068487,0.581659,0.752343,8,Pick
0.038618,0.548200,0.775834,8,Pick
0.015312,0.515798,0.795651,8,Pick
-0.002512,0.485446,0.812028,8,Pick
-0.015898,0.457806,0.825295,8,Pick
-0.025720,0.434552,0.835061,8,Pick
-0.032954,0.416777,0.840863,8,Pick
-0.038357,0.404542,0.842695,8,Pick
-0.043435,0.393338,0.842188,8,Pick
-0.048920,0.380456,0.839852,8,Pick
-0.054978,0.365870,0.835022,8,Pick
-0.061949,0.349548,0.827008,8,Pick
-0.070386,0.331414,0.815168,8,Pick
-0.081066,0.311305,0.798994,8,Pick
-0.094964,0.288899,0.778233,8,Pick
-0.113166,0.263651,0.753016,8,Pick
-0.136540,0.234933,0.724166,8,Pick
-0.164326,0.203287,0.694316,8,Pick
-0.195809,0.168382,0.665248,8,Pick
-0.230053,0.129787,0.638360,8,Pick
-0.265780,0.087316,0.614837,8,Pick
-0.301485,0.041087,0.595567,8,Pick
-0.335577,-0.008451,0.581077,8,Pick
-0.366534,-0.060540,0.571512,8,Pick
-0.393040,-0.114166,0.566633,8,Pick
-0.414111,-0.168146,0.565858,8,Pick
-0.429181,-0.221238,0.568324,8,Pick
-0.438138,-0.272261,0.572978,8,Pick
-0.441322,-0.320212,0.578678,8,Pick
-0.439475,-0.364366,0.584302,8,Pick
-0.433643,-0.404344,0.588852,8,Pick
-0.425062,-0.440141,0.591547,8,Pick
-0.415020,-0.472120,0.591889,8,Pick
-0.404722,-0.500954,0.589710,8,Pick
-0.395294,-0.527191,0.585258,8,Pick
-0.387718,-0.550699,0.579407,8,Pick
-0.382062,-0.572302,0.573037,8,Pick
-0.378071,-0.592557,0.566877,8,Pick
-0.375361,-0.611710,0.561452,8,Pick
-0.373541,-0.629780,0.557074,8,Pick
-0.372271,-0.646658,0.553861,8,Pick
-0.371300,-0.662173,0.551775,8,Pick
-0.372146,-0.675775,0.549872,8,Pick
-0.380714,-0.686056,0.545276,8,Pick
-0.397217,-0.692705,0.537969,8,Pick
-0.417136,-0.696813,0.529912,8,Pick
-0.434888,-0.700346,0.523371,8,Pick
-0.450304,-0.703322,0.518168,8,Pick
-0.463313,-0.705757,0.514116,8,Pick
-0.473875,-0.707675,0.511051,8,Pick
-0.481973,-0.709108,0.508835,8,Pick
-0.487603,-0.710083,0.507363,8,Pick
-0.490766,-0.710623,0.506560,8,Pick
-0.491523,-0.710751,0.506371,8,Pick
-0.491523,-0.710751,0.506371,8,Place
-0.492056,-0.709971,0.506402,8,Place
-0.493650,-0.707623,0.506509,8,Place
-0.496278,-0.703690,0.506738,8,Place
-0.499905,-0.698138,0.507160,8,Place
-0.504482,-0.690923,0.507879,8,Place
-0.509953,-0.681981,0.509024,8,Place
-0.516264,-0.671229,0.510752,8,Place
-0.523360,-0.658558,0.513244,8,Place
-0.531196,-0.643825,0.516698,8,Place
-0.539732,-0.626842,0.521323,8,Place
-0.548937,-0.607362,0.527332,8,Place
-0.558775,-0.585064,0.534921,8,Place
-0.569194,-0.559539,0.544260,8,Place
-0.580093,-0.530275,0.555466,8,Place
-0.591293,-0.496651,0.568581,8,Place
-0.602454,-0.458055,0.583500,8,Place
-0.612662,-0.415698,0.599307,8,Place
-0.621327,-0.370023,0.615391,8,Place
-0.627981,-0.320970,0.631367,8,Place
-0.632113,-0.268591,0.646852,8,Place
-0.633193,-0.213056,0.661473,8,Place
-0.630700,-0.154660,0.674879,8,Place
-0.624143,-0.093818,0.686747,8,Place
-0.613094,-0.031056,0.696790,8,Place
-0.597205,0.033001,0.704765,8,Place
-0.576229,0.097651,0.710480,8,Place
-0.550037,0.162134,0.713796,8,Place
-0.518625,0.225664,0.714632,8,Place
-0.482122,0.287449,0.712967,8,Place
-0.440784,0.346724,0.708843,8,Place
-0.394990,0.402778,0.702357,8,Place
-0.345228,0.454975,0.693665,8,Place
-0.292075,0.502780,0.682978,8,Place
-0.236180,0.545773,0.670551,8,Place
-0.178233,0.583662,0.656683,8,Place
-0.118941,0.616290,0.641708,8,Place
-0.059003,0.643634,0.625984,8,Place
0.000923,0.665800,0.609888,8,Place
0.060238,0.683012,0.593803,8,Place
0.118427,0.695595,0.578113,8,Place
0.173225,0.703743,0.563667,8,Place
0.222870,0.708159,0.551100,8,Place
0.267547,0.709822,0.540438,8,Place
0.307531,0.709534,0.531615,8,Place
0.343131,0.707927,0.524493,8,Place
0.374659,0.705496,0.518893,8,Place
0.402400,0.702614,0.514613,8,Place
0.426606,0.699562,0.511440,8,Place
0.447484,0.696549,0.509169,8,Place
0.465202,0.693731,0.507606,8,Place
0.479890,0.691221,0.506579,8,Place
0.491644,0.689103,0.505940,8,Place
0.500534,0.687439,0.505568,8,Place
0.506609,0.686272,0.505370,8,Place
0.509897,0.685631,0.505282,8,Place
0.510550,0.685503,0.505266,8,Place
0.510550,0.685503,0.505266,9,Pick
0.507678,0.685444,0.504929,9,Pick
0.499071,0.685206,0.503939,9,Pick
0.484756,0.684599,0.502360,9,Pick
0.464791,0.683317,0.500303,9,Pick
0.439276,0.680947,0.497932,9,Pick
0.408373,0.676988,0.495472,9,Pick
0.372323,0.670878,0.493219,9,Pick
0.331465,0.662029,0.491547,9,Pick
0.286239,0.649874,0.490910,9,Pick
0.237183,0.633914,0.491842,9,Pick
0.184904,0.613776,0.494947,9,Pick
0.130035,0.589255,0.500875,9,Pick
0.073159,0.560343,0.510284,9,Pick
0.014722,0.527226,0.523785,9,Pick
-0.045069,0.490229,0.541866,9,Pick
-0.106150,0.449816,0.564730,9,Pick
-0.166303,0.408090,0.591058,9,Pick
-0.225393,0.365705,0.619640,9,Pick
-0.284125,0.322314,0.649498,9,Pick
-0.342926,0.277290,0.679581,9,Pick
-0.401867,0.229833,0.708810,9,Pick
-0.460617,0.179091,0.736113,9,Pick
-0.518445,0.124293,0.760477,9,Pick
-0.574252,0.064871,0.780977,9,Pick
-0.626648,0.000580,0.796820,9,Pick
-0.674057,-0.068425,0.807371,9,Pick
-0.714848,-0.141530,0.812182,9,Pick
-0.747474,-0.217656,0.811006,9,Pick
-0.770613,-0.295284,0.803810,9,Pick
-0.783295,-0.372529,0.790775,9,Pick
-0.785010,-0.447241,0.772289,9,Pick
-0.775815,-0.516972,0.748997,9,Pick
-0.757448,-0.576890,0.722980,9,Pick
-0.732710,-0.625438,0.696022,9,Pick
-0.704165,-0.663001,0.669298,9,Pick
-0.674025,-0.690524,0.643709,9,Pick
-0.644058,-0.709314,0.619900,9,Pick
-0.615581,-0.720866,0.598288,9,Pick
-0.589488,-0.726709,0.579103,9,Pick
-0.566319,-0.728308,0.562428,9,Pick
-0.546331,-0.726985,0.548244,9,Pick
-0.529585,-0.723890,0.536460,9,Pick
-0.516009,-0.719977,0.526951,9,Pick
-0.505461,-0.716013,0.519579,9,Pick
-0.497778,-0.712584,0.514211,9,Pick
-0.492810,-0.710109,0.510739,9,Pick
-0.490446,-0.708858,0.509087,9,Pick
-0.490214,-0.708733,0.508924,9,Pick
-0.490214,-0.708733,0.508924,9,Place
-0.492990,-0.708097,0.510316,9,Place
-0.501298,-0.706078,0.514498,9,Place
-0.515077,-0.702343,0.521491,9,Place
-0.534200,-0.696340,0.531326,9,Place
-0.558438,-0.687304,0.544044,9,Place
-0.587415,-0.674271,0.559692,9,Place
-0.620544,-0.656103,0.578317,9,Place
-0.656955,-0.631536,0.599962,9,Place
-0.695419,-0.599244,0.624655,9,Place
-0.734274,-0.557943,0.652403,9,Place
-0.771364,-0.506535,0.683178,9,Place
-0.804014,-0.444285,0.716904,9,Place
-0.829054,-0.371049,0.753441,9,Place
-0.842923,-0.287523,0.792571,9,Place
-0.841883,-0.195500,0.833973,9,Place
-0.822438,-0.098356,0.877091,9,Place
-0.783958,-0.004624,0.919496,9,Place
-0.728193,0.080173,0.960127,9,Place
-0.657603,0.152534,0.998640,9,Place
-0.575395,0.209583,1.034701,9,Place
-0.485377,0.249239,1.067989,9,Place
-0.391750,0.270346,1.098204,9,Place
-0.298887,0.272744,1.125070,9,Place
-0.211093,0.257299,1.148338,9,Place
-0.132358,0.225859,1.167790,9,Place
-0.066140,0.181158,1.183242,9,Place
-0.015154,0.126673,1.194547,9,Place
0.018774,0.066423,1.201597,9,Place
0.034822,0.004746,1.204326,9,Place
0.033217,-0.053947,1.202709,9,Place
0.015223,-0.105427,1.196761,9,Place
-0.016933,-0.145887,1.186542,9,Place
-0.060191,-0.172157,1.172151,9,Place
-0.110831,-0.181880,1.153728,9,Place
-0.164693,-0.173645,1.131448,9,Place
-0.217411,-0.147057,1.105523,9,Place
-0.264658,-0.102750,1.076196,9,Place
-0.302389,-0.042339,1.043739,9,Place
-0.327058,0.031675,1.008448,9,Place
-0.335805,0.116065,0.970638,9,Place
-0.326595,0.207055,0.930641,9,Place
-0.298317,0.300541,0.888801,9,Place
-0.251119,0.391829,0.845705,9,Place
-0.189567,0.473068,0.803841,9,Place
-0.118609,0.541392,0.764151,9,Place
-0.042487,0.596325,0.726981,9,Place
0.035105,0.638412,0.692573,9,Place
0.111147,0.668898,0.661083,9,Place
0.183314,0.689434,0.632600,9,Place
0.249920,0.701853,0.607161,9,Place
0.309830,0.707997,0.584764,9,Place
0.362352,0.709599,0.565383,9,Place
0.407126,0.708211,0.548977,9,Place
0.444021,0.705161,0.535497,9,Place
0.473052,0.701540,0.524893,9,Place
0.494307,0.698200,0.517123,9,Place
0.507894,0.695755,0.512149,9,Place
0.513900,0.694597,0.509949,9,Place
0.514232,0.694532,0.509827,9,Place
0.514232,0.694532,0.509827,10,Pick
0.513918,0.694198,0.510679,10,Pick
0.512977,0.693191,0.513246,10,Pick
0.511404,0.691497,0.517572,10,Pick
0.509188,0.689089,0.523725,10,Pick
0.506308,0.685926,0.531803,10,Pick
0.502727,0.681953,0.541927,10,Pick
0.498382,0.677092,0.554239,10,Pick
0.493177,0.671242,0.568897,10,Pick
0.486972,0.664269,0.586066,10,Pick
0.479573,0.656007,0.605905,10,Pick
0.470728,0.646246,0.628549,10,Pick
0.460113,0.634736,0.654088,10,Pick
0.447339,0.621183,0.682538,10,Pick
0.431952,0.605258,0.713810,10,Pick
0.413445,0.586607,0.747679,10,Pick
0.391351,0.564941,0.783652,10,Pick
0.366349,0.541073,0.819557,10,Pick
0.338806,0.515437,0.854286,10,Pick
0.308823,0.488201,0.887346,10,Pick
0.276577,0.459591,0.918292,10,Pick
0.242306,0.429886,0.946742,10,Pick
0.206303,0.399405,0.972394,10,Pick
0.168906,0.368500,0.995031,10,Pick
0.130489,0.337535,1.014534,10,Pick
0.091446,0.306872,1.030877,10,Pick
0.052186,0.276856,1.044132,10,Pick
0.013118,0.247800,1.054457,10,Pick
-0.025357,0.219970,1.062091,10,Pick
-0.062857,0.193569,1.067338,10,Pick
-0.099021,0.168733,1.070554,10,Pick
-0.133524,0.145523,1.072127,10,Pick
-0.166075,0.123918,1.072456,10,Pick
-0.196424,0.103818,1.071937,10,Pick
-0.224366,0.085048,1.070942,10,Pick
-0.249741,0.067367,1.069796,10,Pick
-0.272433,0.050473,1.068772,10,Pick
-0.292374,0.034024,1.068067,10,Pick
-0.309541,0.017647,1.067802,10,Pick
-0.323953,0.000958,1.068010,10,Pick
-0.335676,-0.016419,1.068637,10,Pick
-0.344810,-0.034839,1.069545,10,Pick
-0.351500,-0.054615,1.070518,10,Pick
-0.355922,-0.076004,1.071271,10,Pick
-0.358288,-0.099198,1.071465,10,Pick
-0.358839,-0.124308,1.070722,10,Pick
-0.357844,-0.151364,1.068643,10,Pick
-0.355597,-0.180310,1.064830,10,Pick
-0.352411,-0.211004,1.058899,10,Pick
-0.348612,-0.243226,1.050505,10,Pick
-0.344538,-0.276683,1.039357,10,Pick
-0.340532,-0.311026,1.025234,10,Pick
-0.336933,-0.345860,1.007996,10,Pick
-0.334071,-0.380760,0.987592,10,Pick
-0.332259,-0.415293,0.964069,10,Pick
-0.331787,-0.449033,0.937570,10,Pick
-0.332911,-0.481576,0.908331,10,Pick
-0.335849,-0.512563,0.876674,10,Pick
-0.340770,-0.541686,0.842995,10,Pick
-0.347790,-0.568706,0.807754,10,Pick
-0.356968,-0.593460,0.771452,10,Pick
-0.367910,-0.615193,0.735775,10,Pick
-0.379902,-0.633499,0.702418,10,Pick
-0.392498,-0.648829,0.671730,10,Pick
-0.405283,-0.661619,0.643901,10,Pick
-0.417889,-0.672272,0.618993,10,Pick
-0.430007,-0.681136,0.596968,10,Pick
-0.441383,-0.688507,0.577727,10,Pick
-0.451822,-0.694626,0.561128,10,Pick
-0.461177,-0.699683,0.547010,10,Pick
-0.469345,-0.703824,0.535212,10,Pick
-0.476259,-0.707160,0.525579,10,Pick
-0.481875,-0.709773,0.517975,10,Pick
-0.486171,-0.711719,0.512286,10,Pick
-0.489134,-0.713038,0.508423,10,Pick
-0.490760,-0.713754,0.506324,10,Pick
-0.491102,-0.713903,0.505885,10,Pick
-0.491102,-0.713903,0.505885,10,Place
-0.488064,-0.713548,0.506748,10,Place
-0.478967,-0.712419,0.509354,10,Place
-0.463853,-0.710335,0.513743,10,Place
-0.442808,-0.706993,0.519986,10,Place
-0.415976,-0.701969,0.528178,10,Place
-0.383581,-0.694730,0.538442,10,Place
-0.345960,-0.684635,0.550918,10,Place
-0.303596,-0.670962,0.565765,10,Place
-0.257164,-0.652933,0.583145,10,Place
-0.207562,-0.629762,0.603216,10,Place
-0.155957,-0.600720,0.626108,10,Place
-0.103797,-0.565220,0.651906,10,Place
-0.052815,-0.522927,0.680622,10,Place
-0.004989,-0.473881,0.712158,10,Place
0.037551,-0.418632,0.746281,10,Place
0.072591,-0.358521,0.782488,10,Place
0.097440,-0.298084,0.818589,10,Place
0.112021,-0.240229,0.853473,10,Place
0.117332,-0.186718,0.886647,10,Place
0.114740,-0.139035,0.917669,10,Place
0.105893,-0.098309,0.946161,10,Place
0.092633,-0.065254,0.971826,10,Place
0.076877,-0.040139,0.994455,10,Place
0.060504,-0.022786,1.013933,10,Place
0.045245,-0.012601,1.030245,10,Place
0.032580,-0.008631,1.043469,10,Place
0.023660,-0.009649,1.053771,10,Place
0.019252,-0.014250,1.061397,10,Place
0.019712,-0.020964,1.066657,10,Place
0.024994,-0.028369,1.069912,10,Place
0.034684,-0.035194,1.071552,10,Place
0.048063,-0.040413,1.071980,10,Place
0.064195,-0.043305,1.071592,10,Place
0.082030,-0.043502,1.070755,10,Place
0.100503,-0.040995,1.069795,10,Place
0.118648,-0.036112,1.068976,10,Place
0.135686,-0.029468,1.068492,10,Place
0.151099,-0.021891,1.068454,10,Place
0.164687,-0.014325,1.068888,10,Place
0.176579,-0.007734,1.069731,10,Place
0.187231,-0.002986,1.070838,10,Place
0.197379,-0.000764,1.071983,10,Place
0.207979,-0.001480,1.072874,10,Place
0.220110,-0.005214,1.073167,10,Place
0.234882,-0.011686,1.072479,10,Place
0.253319,-0.020250,1.070408,10,Place
0.276260,-0.029928,1.066554,10,Place
0.304264,-0.039465,1.060536,10,Place
0.337537,-0.047414,1.052011,10,Place
0.375887,-0.052239,1.040695,10,Place
0.418702,-0.052421,1.026371,10,Place
0.464969,-0.046577,1.008908,10,Place
0.513310,-0.033561,0.988267,10,Place
0.562061,-0.012559,0.964502,10,Place
0.609360,0.016847,0.937769,10,Place
0.653255,0.054633,0.908312,10,Place
0.691821,0.100323,0.876465,10,Place
0.723271,0.153005,0.842632,10,Place
0.746058,0.211382,0.807279,10,Place
0.758965,0.273813,0.770927,10,Place
0.761299,0.335967,0.735516,10,Place
0.754235,0.394330,0.702466,10,Place
0.739671,0.447544,0.672109,10,Place
0.719564,0.494835,0.644619,10,Place
0.695777,0.535914,0.620047,10,Place
0.669987,0.570864,0.598348,10,Place
0.643635,0.600032,0.579417,10,Place
0.617913,0.623930,0.563109,10,Place
0.593776,0.643149,0.549265,10,Place
0.571966,0.658299,0.537721,10,Place
0.553042,0.669962,0.528327,10,Place
0.537417,0.678657,0.520949,10,Place
0.525380,0.684820,0.515475,10,Place
0.517128,0.688791,0.511820,10,Place
0.512782,0.690802,0.509925,10,Place
0.512076,0.691123,0.509619,10,Place
0.512076,0.691123,0.509619,11,Pick
0.513437,0.690523,0.509624,11,Pick
0.517511,0.688690,0.509655,11,Pick
0.524261,0.685522,0.509755,11,Pick
0.533623,0.680852,0.510000,11,Pick
0.545494,0.674452,0.510493,11,Pick
0.559726,0.666040,0.511367,11,Pick
0.576111,0.655286,0.512781,11,Pick
0.594371,0.641829,0.514918,11,Pick
0.614138,0.625291,0.517979,11,Pick
0.634951,0.605304,0.522178,11,Pick
0.656245,0.581534,0.527729,11,Pick
0.677351,0.553713,0.534834,11,Pick
0.697509,0.521680,0.543665,11,Pick
0.715884,0.485404,0.554344,11,Pick
0.731606,0.445025,0.566915,11,Pick
0.743794,0.400983,0.581280,11,Pick
0.751469,0.355811,0.596551,11,Pick
0.754635,0.310803,0.612125,11,Pick
0.753629,0.266444,0.627617,11,Pick
0.748853,0.223100,0.642646,11,Pick
0.740749,0.181011,0.656839,11,Pick
0.729768,0.140291,0.669848,11,Pick
0.716338,0.100925,0.681349,11,Pick
0.700842,0.062788,0.691060,11,Pick
0.683586,0.025658,0.698740,11,Pick
0.664784,-0.010758,0.704199,11,Pick
0.644546,-0.046800,0.707301,11,Pick
0.622866,-0.082825,0.707970,11,Pick
0.599626,-0.119179,0.706188,11,Pick
0.574600,-0.156164,0.701997,11,Pick
0.547468,-0.194013,0.695501,11,Pick
0.517838,-0.232869,0.686857,11,Pick
0.485265,-0.272762,0.676279,11,Pick
0.449283,-0.313604,0.664024,11,Pick
0.409434,-0.355175,0.650395,11,Pick
0.365297,-0.397133,0.635726,11,Pick
0.316517,-0.439018,0.620377,11,Pick
0.262835,-0.480267,0.604725,11,Pick
0.204109,-0.520239,0.589155,11,Pick
0.140328,-0.558237,0.574048,11,Pick
0.073974,-0.592424,0.560231,11,Pick
0.008056,-0.621511,0.548310,11,Pick
-0.056348,-0.645630,0.538298,11,Pick
-0.118272,-0.665088,0.530116,11,Pick
-0.176884,-0.680326,0.523617,11,Pick
-0.231505,-0.691866,0.518613,11,Pick
-0.281602,-0.700273,0.514893,11,Pick
-0.326776,-0.706113,0.512236,11,Pick
-0.366744,-0.709930,0.510431,11,Pick
-0.401317,-0.712222,0.509279,11,Pick
-0.430380,-0.713430,0.508604,11,Pick
-0.453868,-0.713931,0.508253,11,Pick
-0.471754,-0.714027,0.508103,11,Pick
-0.484029,-0.713951,0.508059,11,Pick
-0.490694,-0.713861,0.508054,11,Pick
-0.492025,-0.713839,0.508055,11,Pick
-0.492025,-0.713839,0.508055,11,Place
-0.489604,-0.714087,0.510994,11,Place
-0.482328,-0.714741,0.519842,11,Place
-0.470149,-0.715527,0.534692,11,Place
-0.452997,-0.715978,0.555679,11,Place
-0.430785,-0.715416,0.582961,11,Place
-0.403422,-0.712936,0.616677,11,Place
-0.370833,-0.707385,0.656893,11,Place
-0.332985,-0.697349,0.703536,11,Place
-0.289916,-0.681159,0.756296,11,Place
-0.241778,-0.656915,0.814526,11,Place
-0.188878,-0.622548,0.877113,11,Place
-0.131728,-0.575942,0.942356,11,Place
-0.071091,-0.515106,1.007848,11,Place
-0.008005,-0.438437,1.070398,11,Place
0.056208,-0.345036,1.126033,11,Place
0.119812,-0.235405,1.170003,11,Place
0.178641,-0.116706,1.196653,11,Place
0.231187,0.005488,1.203986,11,Place
0.277326,0.127108,1.191691,11,Place
0.317255,0.244112,1.160319,11,Place
0.350579,0.349792,1.112855,11,Place
0.377470,0.438667,1.055078,11,Place
0.399440,0.510869,0.991505,11,Place
0.417747,0.567529,0.925925,11,Place
0.433363,0.610400,0.861326,11,Place
0.446989,0.641546,0.799923,11,Place
0.459087,0.663106,0.743246,11,Place
0.469923,0.677130,0.692264,11,Place
0.479619,0.685478,0.647511,11,Place
0.488196,0.689765,0.609209,11,Place
0.495608,0.691345,0.577373,11,Place
0.501775,0.691311,0.551895,11,Place
0.506607,0.690512,0.532616,11,Place
0.510020,0.689574,0.519368,11,Place
0.511950,0.688915,0.512015,11,Place
0.512400,0.688749,0.510317,11,Place
0.512400,0.688749,0.510317,12,Pick
0.507611,0.689689,0.510680,12,Pick
0.493195,0.692387,0.511762,12,Pick
0.469008,0.696464,0.513539,12,Pick
0.434836,0.701277,0.515974,12,Pick
0.390437,0.705908,0.519013,12,Pick
0.335597,0.709142,0.522587,12,Pick
0.270213,0.709462,0.526609,12,Pick
0.194386,0.705046,0.530975,12,Pick
0.108539,0.693792,0.535565,12,Pick
0.013550,0.673373,0.540238,12,Pick
-0.089113,0.641331,0.544835,12,Pick
-0.197258,0.595232,0.549181,12,Pick
-0.307867,0.532874,0.553079,12,Pick
-0.417040,0.452566,0.556315,12,Pick
-0.520025,0.353464,0.558659,12,Pick
-0.611136,0.236271,0.559862,12,Pick
-0.682032,0.108858,0.559716,12,Pick
-0.729365,-0.020737,0.558227,12,Pick
-0.753150,-0.142173,0.555622,12,Pick
-0.757695,-0.251863,0.552156,12,Pick
-0.747524,-0.348094,0.548063,12,Pick
-0.726855,-0.430317,0.543556,12,Pick
-0.699406,-0.498867,0.538829,12,Pick
-0.668307,-0.554702,0.534056,12,Pick
-0.636079,-0.599160,0.529392,12,Pick
-0.604673,-0.633770,0.524971,12,Pick
-0.575542,-0.660096,0.520909,12,Pick
-0.549720,-0.679628,0.517306,12,Pick
-0.527910,-0.693702,0.514243,12,Pick
-0.510568,-0.703453,0.511787,12,Pick
-0.497973,-0.709785,0.509989,12,Pick
-0.490282,-0.713354,0.508883,12,Pick
-0.487574,-0.714557,0.508493,12,Pick
-0.487570,-0.714559,0.508492,12,Pick
-0.487570,-0.714559,0.508492,12,Place
-0.491274,-0.712984,0.508581,12,Place
-0.502340,-0.708130,0.508855,12,Place
-0.520619,-0.699611,0.509332,12,Place
-0.545842,-0.686792,0.510043,12,Place
-0.577583,-0.668805,0.511031,12,Place
-0.615206,-0.644575,0.512353,12,Place
-0.657815,-0.612856,0.514075,12,Place
-0.704182,-0.572291,0.516275,12,Place
-0.752687,-0.521493,0.519043,12,Place
-0.801252,-0.459153,0.522475,12,Place
-0.847303,-0.384179,0.526675,12,Place
-0.887756,-0.295865,0.531749,12,Place
-0.919048,-0.194085,0.537804,12,Place
-0.937231,-0.079510,0.544941,12,Place
-0.938137,0.046190,0.553250,12,Place
-0.917719,0.179790,0.562772,12,Place
-0.874846,0.311406,0.573072,12,Place
-0.810820,0.435161,0.583905,12,Place
-0.727413,0.547663,0.595172,12,Place
-0.626937,0.645923,0.606768,12,Place
-0.512147,0.727440,0.618580,12,Place
-0.386139,0.790265,0.630497,12,Place
-0.252236,0.833033,0.642400,12,Place
-0.113876,0.854981,0.654174,12,Place
0.025503,0.855939,0.665701,12,Place
0.162555,0.836300,0.676868,12,Place
0.294127,0.796978,0.687561,12,Place
0.417326,0.739347,0.697673,12,Place
0.529581,0.665173,0.707102,12,Place
0.628690,0.576545,0.715753,12,Place
0.712841,0.475796,0.723537,12,Place
0.780632,0.365434,0.730376,12,Place
0.831062,0.248073,0.736198,12,Place
0.863531,0.126373,0.740945,12,Place
0.877814,0.002987,0.744568,12,Place
0.874045,-0.119485,0.747030,12,Place
0.852687,-0.238529,0.748305,12,Place
0.814513,-0.351749,0.748380,12,Place
0.760580,-0.456896,0.747254,12,Place
0.692210,-0.551882,0.744939,12,Place
0.610969,-0.634806,0.741459,12,Place
0.518652,-0.703975,0.736849,12,Place
0.417266,-0.757923,0.731156,12,Place
0.309012,-0.795439,0.724438,12,Place
0.196265,-0.815592,0.716764,12,Place
0.081549,-0.817767,0.708213,12,Place
-0.032497,-0.801687,0.698870,12,Place
-0.143162,-0.767453,0.688831,12,Place
-0.247708,-0.715560,0.678198,12,Place
-0.343430,-0.646928,0.667076,12,Place
-0.427729,-0.562903,0.655578,12,Place
-0.498179,-0.465262,0.643818,12,Place
-0.552608,-0.356199,0.631913,12,Place
-0.589177,-0.238287,0.619980,12,Place
-0.606459,-0.114437,0.608136,12,Place
-0.603505,0.012175,0.596495,12,Place
-0.579906,0.138184,0.585168,12,Place
-0.535831,0.260135,0.574263,12,Place
-0.472060,0.374590,0.563880,12,Place
-0.390981,0.477168,0.554218,12,Place
-0.300030,0.561396,0.545753,12,Place
-0.204316,0.627153,0.538469,12,Place
-0.107874,0.675787,0.532281,12,Place
-0.013976,0.709250,0.527088,12,Place
0.074867,0.729842,0.522784,12,Place
0.156851,0.740006,0.519262,12,Place
0.230786,0.742156,0.516417,12,Place
0.295988,0.738568,0.514152,12,Place
0.352154,0.731294,0.512376,12,Place
0.399263,0.722119,0.511011,12,Place
0.437463,0.712543,0.509986,12,Place
0.466997,0.703778,0.509244,12,Place
0.488124,0.696753,0.508742,12,Place
0.501072,0.692128,0.508445,12,Place
0.505997,0.690303,0.508335,12,Place
0.506053,0.690282,0.508334,12,Place
0.506053,0.690282,0.508334,13,Pick
0.501891,0.691549,0.508341,13,Pick
0.489367,0.695226,0.508367,13,Pick
0.468374,0.700944,0.508431,13,Pick
0.438753,0.708078,0.508564,13,Pick
0.400332,0.715747,0.508807,13,Pick
0.352975,0.722802,0.509217,13,Pick
0.296643,0.727829,0.509857,13,Pick
0.231473,0.729158,0.510807,13,Pick
0.157870,0.724891,0.512153,13,Pick
0.076602,0.712946,0.513993,13,Pick
-0.011100,0.691143,0.516430,13,Pick
-0.103444,0.657313,0.519573,13,Pick
-0.198010,0.609455,0.523532,13,Pick
-0.291712,0.545927,0.528415,13,Pick
-0.380810,0.465674,0.534323,13,Pick
-0.460801,0.368753,0.541321,13,Pick
-0.524700,0.261092,0.549106,13,Pick
-0.570020,0.147313,0.557491,13,Pick
-0.596270,0.030625,0.566394,13,Pick
-0.603517,-0.085793,0.575726,13,Pick
-0.592354,-0.198894,0.585394,13,Pick
-0.563851,-0.305844,0.595302,13,Pick
-0.519492,-0.404096,0.605351,13,Pick
-0.461109,-0.491445,0.615440,13,Pick
-0.390801,-0.566065,0.625469,13,Pick
-0.310860,-0.626529,0.635338,13,Pick
-0.223693,-0.671820,0.644949,13,Pick
-0.131751,-0.701318,0.654206,13,Pick
-0.037468,-0.714784,0.663016,13,Pick
0.056792,-0.712326,0.671293,13,Pick
0.148779,-0.694373,0.678952,13,Pick
0.236392,-0.661629,0.685919,13,Pick
0.317695,-0.615041,0.692124,13,Pick
0.390941,-0.555763,0.697506,13,Pick
0.454572,-0.485122,0.702011,13,Pick
0.507227,-0.404592,0.705595,13,Pick
0.547744,-0.315773,0.708222,13,Pick
0.575157,-0.220373,0.709868,13,Pick
0.588702,-0.120192,0.710516,13,Pick
0.587823,-0.017112,0.710162,13,Pick
0.572178,0.086912,0.708808,13,Pick
0.541657,0.189871,0.706471,13,Pick
0.496392,0.289717,0.703174,13,Pick
0.436777,0.384381,0.698952,13,Pick
0.363488,0.471809,0.693848,13,Pick
0.277494,0.549994,0.687914,13,Pick
0.180071,0.617022,0.681210,13,Pick
0.072801,0.671120,0.673806,13,Pick
-0.042429,0.710715,0.665777,13,Pick
-0.163450,0.734490,0.657204,13,Pick
-0.287842,0.741446,0.648175,13,Pick
-0.412975,0.730952,0.638781,13,Pick
-0.536072,0.702802,0.629118,13,Pick
-0.654278,0.657247,0.619284,13,Pick
-0.764740,0.595027,0.609379,13,Pick
-0.864703,0.517376,0.599503,13,Pick
-0.951594,0.426018,0.589757,13,Pick
-1.023126,0.323138,0.580240,13,Pick
-1.077382,0.211334,0.571049,13,Pick
-1.112898,0.093552,0.562276,13,Pick
-1.128730,-0.026998,0.554011,13,Pick
-1.124511,-0.146941,0.546338,13,Pick
-1.100827,-0.261666,0.539405,13,Pick
-1.061520,-0.363134,0.533539,13,Pick
-1.011081,-0.449618,0.528699,13,Pick
-0.953563,-0.521090,0.524784,13,Pick
-0.892515,-0.578304,0.521689,13,Pick
-0.830902,-0.622561,0.519302,13,Pick
-0.771094,-0.655501,0.517513,13,Pick
-0.714902,-0.678929,0.516219,13,Pick
-0.663644,-0.694671,0.515322,13,Pick
-0.618224,-0.704473,0.514731,13,Pick
-0.579219,-0.709929,0.514369,13,Pick
-0.546964,-0.712428,0.514167,13,Pick
-0.521623,-0.713127,0.514070,13,Pick
-0.503257,-0.712942,0.514033,13,Pick
-0.491872,-0.712535,0.514024,13,Pick
-0.487452,-0.712317,0.514024,13,Pick
-0.487389,-0.712313,0.514024,13,Pick
-0.487389,-0.712313,0.514024,13,Place
-0.490498,-0.712165,0.515207,13,Place
-0.499813,-0.711584,0.518757,13,Place
-0.515296,-0.710161,0.524678,13,Place
-0.536854,-0.707219,0.532975,13,Place
-0.564297,-0.701815,0.543654,13,Place
-0.597280,-0.692759,0.556717,13,Place
-0.635228,-0.678637,0.572165,13,Place
-0.677250,-0.657863,0.589991,13,Place
-0.722048,-0.628753,0.610175,13,Place
-0.767821,-0.589633,0.632679,13,Place
-0.812187,-0.539002,0.657441,13,Place
-0.852141,-0.475730,0.684366,13,Place
-0.884061,-0.399311,0.713315,13,Place
-0.903798,-0.310149,0.744094,13,Place
-0.906887,-0.209868,0.776440,13,Place
-0.888966,-0.101881,0.809916,13,Place
-0.848632,0.004422,0.842657,13,Place
-0.787309,0.102660,0.873879,13,Place
-0.707298,0.188572,0.903353,13,Place
-0.611790,0.258481,0.930856,13,Place
-0.504725,0.309483,0.956169,13,Place
-0.390605,0.339609,0.979087,13,Place
-0.274273,0.347935,0.999417,13,Place
-0.160670,0.334640,1.016986,13,Place
-0.054581,0.301010,1.031642,13,Place
0.039615,0.249378,1.043254,13,Place
0.118172,0.183008,1.051719,13,Place
0.178182,0.105931,1.056961,13,Place
0.217723,0.022734,1.058933,13,Place
0.235967,-0.061682,1.057616,13,Place
0.233221,-0.142358,1.053023,13,Place
0.210910,-0.214539,1.045196,13,Place
0.171498,-0.273921,1.034207,13,Place
0.118354,-0.316881,1.020156,13,Place
0.055573,-0.340656,1.003168,13,Place
-0.012244,-0.343482,0.983393,13,Place
-0.080235,-0.324678,0.961003,13,Place
-0.143524,-0.284668,0.936189,13,Place
-0.197474,-0.224947,0.909158,13,Place
-0.237915,-0.147988,0.880128,13,Place
-0.261345,-0.057103,0.849328,13,Place
-0.265091,0.043735,0.816990,13,Place
-0.247461,0.149957,0.783393,13,Place
-0.209932,0.252441,0.750253,13,Place
-0.156859,0.345223,0.718614,13,Place
-0.092696,0.426045,0.688763,13,Place
-0.021717,0.493989,0.660909,13,Place
0.052253,0.549180,0.635204,13,Place
0.125969,0.592486,0.611747,13,Place
0.196814,0.625248,0.590603,13,Place
0.262771,0.649061,0.571808,13,Place
0.322357,0.665594,0.555378,13,Place
0.374533,0.676465,0.541318,13,Place
0.418616,0.683149,0.529621,13,Place
0.454182,0.686923,0.520278,13,Place
0.480993,0.688829,0.513280,13,Place
0.498926,0.689658,0.508615,13,Place
0.507928,0.689940,0.506278,13,Place
0.509074,0.689970,0.505981,13,Place
0.509074,0.689970,0.505981,14,Pick
0.507616,0.690075,0.508775,14,Pick
0.503222,0.690314,0.517188,14,Pick
0.495841,0.690460,0.531301,14,Pick
0.485383,0.690125,0.551240,14,Pick
0.471728,0.688745,0.577153,14,Pick
0.454728,0.685568,0.609173,14,Pick
0.434212,0.679631,0.647380,14,Pick
0.410000,0.669752,0.691735,14,Pick
0.381919,0.654523,0.742007,14,Pick
0.349826,0.632327,0.797681,14,Pick
0.313641,0.601377,0.857846,14,Pick
0.273381,0.559803,0.921087,14,Pick
0.229200,0.505779,0.985373,14,Pick
0.181423,0.437725,1.047978,14,Pick
0.130562,0.354558,1.105448,14,Pick
0.077460,0.256287,1.153547,14,Pick
0.025232,0.148806,1.186702,14,Pick
-0.024835,0.036660,1.202715,14,Pick
-0.072525,-0.076882,1.200945,14,Pick
-0.117844,-0.188481,1.181457,14,Pick
-0.161012,-0.294899,1.145015,14,Pick
-0.201176,-0.390260,1.094867,14,Pick
-0.237693,-0.470386,1.036411,14,Pick
-0.271219,-0.535722,0.973599,14,Pick
-0.302236,-0.587448,0.909705,14,Pick
-0.331045,-0.627182,0.847287,14,Pick
-0.357787,-0.656736,0.788230,14,Pick
-0.382479,-0.677944,0.733838,14,Pick
-0.405046,-0.692532,0.684937,14,Pick
-0.425359,-0.702055,0.641991,14,Pick
-0.443262,-0.707857,0.605199,14,Pick
-0.458591,-0.711058,0.574589,14,Pick
-0.471196,-0.712566,0.550083,14,Pick
-0.480944,-0.713084,0.531560,14,Pick
-0.487730,-0.713129,0.518891,14,Pick
-0.491480,-0.713047,0.511968,14,Pick
-0.492277,-0.713020,0.510505,14,Pick
-0.492277,-0.713020,0.510505,14,Place
-0.491475,-0.713064,0.511795,14,Place
-0.489074,-0.713175,0.515691,14,Place
-0.485089,-0.713290,0.522279,14,Place
-0.479552,-0.713292,0.531693,14,Place
-0.472513,-0.712999,0.544116,14,Place
-0.464050,-0.712142,0.559759,14,Place
-0.454278,-0.710347,0.578846,14,Place
-0.443351,-0.707106,0.601575,14,Place
-0.431476,-0.701765,0.628075,14,Place
-0.418911,-0.693513,0.658336,14,Place
-0.405962,-0.681396,0.692134,14,Place
-0.392975,-0.664361,0.728940,14,Place
-0.380319,-0.641345,0.767833,14,Place
-0.368357,-0.611412,0.807440,14,Place
-0.357416,-0.573937,0.845917,14,Place
-0.347783,-0.528959,0.880934,14,Place
-0.339927,-0.479461,0.909023,14,Place
-0.333774,-0.427987,0.928852,14,Place
-0.329078,-0.376514,0.940277,14,Place
-0.325614,-0.326972,0.943730,14,Place
-0.323192,-0.281074,0.940175,14,Place
-0.321659,-0.240176,0.931020,14,Place
-0.320891,-0.205163,0.917985,14,Place
-0.320784,-0.176384,0.902943,14,Place
-0.321229,-0.153636,0.887755,14,Place
-0.322094,-0.136207,0.874100,14,Place
-0.323207,-0.122959,0.863335,14,Place
-0.324339,-0.112456,0.856386,14,Place
-0.325199,-0.103120,0.853683,14,Place
-0.325439,-0.093388,0.855147,14,Place
-0.324661,-0.081875,0.860227,14,Place
-0.322443,-0.067507,0.867983,14,Place
-0.318363,-0.049622,0.877211,14,Place
-0.312025,-0.028025,0.886581,14,Place
-0.303096,-0.002990,0.894799,14,Place
-0.291325,0.024783,0.900748,14,Place
-0.276567,0.054261,0.903617,14,Place
-0.258786,0.084207,0.902986,14,Place
-0.238060,0.113321,0.898874,14,Place
-0.214566,0.140404,0.891732,14,Place
-0.188560,0.164492,0.882391,14,Place
-0.160351,0.184980,0.871964,14,Place
-0.130265,0.201698,0.861721,14,Place
-0.098621,0.214948,0.852935,14,Place
-0.065701,0.225479,0.846732,14,Place
-0.031732,0.234427,0.843952,14,Place
0.003123,0.243201,0.845033,14,Place
0.038758,0.253343,0.849938,14,Place
0.075119,0.266373,0.858128,14,Place
0.112134,0.283606,0.868579,14,Place
0.148202,0.305000,0.879412,14,Place
0.182355,0.329750,0.888920,14,Place
0.214407,0.356949,0.896056,14,Place
0.244181,0.385490,0.900261,14,Place
0.271520,0.414252,0.901420,14,Place
0.296306,0.442225,0.899769,14,Place
0.318464,0.468579,0.895788,14,Place
0.337965,0.492688,0.890097,14,Place
0.354823,0.514122,0.883367,14,Place
0.369083,0.532618,0.876260,14,Place
0.380895,0.548135,0.869331,14,Place
0.391678,0.562229,0.862211,14,Place
0.401773,0.575291,0.854817,14,Place
0.410928,0.586992,0.847438,14,Place
0.418894,0.596992,0.840432,14,Place
0.425413,0.604930,0.834235,14,Place
0.431376,0.612031,0.828087,14,Place
0.438074,0.620120,0.820498,14,Place
0.445387,0.629082,0.811288,14,Place
0.453168,0.638751,0.800279,14,Place
0.461249,0.648917,0.787301,14,Place
0.469442,0.659313,0.772203,14,Place
0.477537,0.669620,0.754878,14,Place
0.485313,0.679462,0.735277,14,Place
0.492541,0.688421,0.713434,14,Place
0.498999,0.696049,0.689490,14,Place
0.504189,0.701603,0.665262,14,Place
0.507942,0.704907,0.642736,14,Place
0.510552,0.706387,0.622135,14,Place
0.512277,0.706455,0.603564,14,Place
0.513338,0.705482,0.587046,14,Place
0.513918,0.703797,0.572535,14,Place
0.514164,0.701675,0.559945,14,Place
0.514191,0.699347,0.549162,14,Place
0.514086,0.696995,0.540063,14,Place
0.513913,0.694764,0.532522,14,Place
0.513719,0.692764,0.526423,14,Place
0.513536,0.691075,0.521664,14,Place
0.513383,0.689758,0.518157,14,Place
0.513274,0.688851,0.515838,14,Place
0.513216,0.688379,0.514661,14,Place
0.513208,0.688310,0.514491,14,Place
0.513208,0.688310,0.514491,15,Pick
0.509295,0.688581,0.515837,15,Pick
0.497542,0.689287,0.519885,15,Pick
0.477917,0.690107,0.526654,15,Pick
0.450389,0.690502,0.536179,15,Pick
0.414961,0.689711,0.548504,15,Pick
0.371720,0.686749,0.563679,15,Pick
0.320900,0.680416,0.581758,15,Pick
0.262962,0.669319,0.602789,15,Pick
0.198680,0.651908,0.626810,15,Pick
0.129241,0.626559,0.653836,15,Pick
0.056338,0.591681,0.683851,15,Pick
-0.017754,0.545879,0.716793,15,Pick
-0.090144,0.488170,0.752539,15,Pick
-0.157348,0.418242,0.790888,15,Pick
-0.215418,0.336755,0.831542,15,Pick
-0.260100,0.245889,0.873973,15,Pick
-0.286831,0.153193,0.915801,15,Pick
-0.295148,0.064194,0.955982,15,Pick
-0.286381,-0.017186,0.994176,15,Pick
-0.262737,-0.087402,1.030052,15,Pick
-0.227195,-0.143482,1.063293,15,Pick
-0.183360,-0.183206,1.093597,15,Pick
-0.135273,-0.205240,1.120689,15,Pick
-0.087194,-0.209224,1.144316,15,Pick
-0.043361,-0.195804,1.164256,15,Pick
-0.007757,-0.166608,1.180319,15,Pick
0.016122,-0.124156,1.192352,15,Pick
0.025469,-0.071733,1.200236,15,Pick
0.018327,-0.013196,1.203895,15,Pick
-0.006294,0.047237,1.203291,15,Pick
-0.048357,0.105230,1.198428,15,Pick
-0.106800,0.156574,1.189349,15,Pick
-0.179594,0.197431,1.176139,15,Pick
-0.263866,0.224547,1.158921,15,Pick
-0.356055,0.235438,1.137855,15,Pick
-0.452122,0.228522,1.113138,15,Pick
-0.547776,0.203207,1.084995,15,Pick
-0.638715,0.159914,1.053683,15,Pick
-0.720863,0.100040,1.019483,15,Pick
-0.790587,0.025877,0.982697,15,Pick
-0.844893,-0.059531,0.943646,15,Pick
-0.881567,-0.152563,0.902663,15,Pick
-0.899281,-0.249220,0.860087,15,Pick
-0.897946,-0.342725,0.817495,15,Pick
-0.880567,-0.426336,0.776901,15,Pick
-0.851310,-0.498204,0.738702,15,Pick
-0.814111,-0.557734,0.703173,15,Pick
-0.772438,-0.605273,0.670502,15,Pick
-0.729169,-0.641821,0.640800,15,Pick
-0.686573,-0.668771,0.614120,15,Pick
-0.646346,-0.687706,0.590472,15,Pick
-0.609685,-0.700239,0.569838,15,Pick
-0.577384,-0.707900,0.552180,15,Pick
-0.549927,-0.712064,0.537449,15,Pick
-0.527574,-0.713913,0.525593,15,Pick
-0.510438,-0.714407,0.516564,15,Pick
-0.498549,-0.714281,0.510322,15,Pick
-0.491898,-0.714042,0.506834,15,Pick
-0.490334,-0.713969,0.506015,15,Pick
-0.490334,-0.713969,0.506015,15,Place
-0.489544,-0.713999,0.508425,15,Place
-0.487185,-0.714032,0.515674,15,Place
-0.483293,-0.713903,0.527824,15,Place
-0.477925,-0.713325,0.544966,15,Place
-0.471157,-0.711885,0.567209,15,Place
-0.463071,-0.709032,0.594663,15,Place
-0.453752,-0.704063,0.627409,15,Place
-0.443268,-0.696114,0.665461,15,Place
-0.431652,-0.684148,0.708723,15,Place
-0.418877,-0.666968,0.756930,15,Place
-0.404825,-0.643223,0.809584,15,Place
-0.389253,-0.611458,0.865873,15,Place
-0.371756,-0.570174,0.924602,15,Place
-0.351739,-0.517941,0.984115,15,Place
-0.328395,-0.453541,1.042246,15,Place
-0.300795,-0.376376,1.096157,15,Place
-0.269301,-0.290331,1.140982,15,Place
-0.233888,-0.198300,1.174513,15,Place
-0.194299,-0.102232,1.195792,15,Place
-0.150482,-0.004232,1.204203,15,Place
-0.102607,0.093523,1.199500,15,Place
-0.051060,0.188871,1.181818,15,Place
0.003578,0.279761,1.151666,15,Place
0.060558,0.364327,1.109906,15,Place
0.118566,0.440429,1.058134,15,Place
0.173835,0.503991,1.001060,15,Place
0.225045,0.555254,0.941912,15,Place
0.271684,0.595530,0.882990,15,Place
0.313512,0.626320,0.826078,15,Place
0.350506,0.649167,0.772487,15,Place
0.382799,0.665553,0.723127,15,Place
0.410629,0.676836,0.678578,15,Place
0.434290,0.684213,0.639170,15,Place
0.454095,0.688709,0.605047,15,Place
0.470351,0.691175,0.576228,15,Place
0.483339,0.692302,0.552656,15,Place
0.493300,0.692628,0.534235,15,Place
0.500431,0.692563,0.520860,15,Place
0.504877,0.692391,0.512441,15,Place
0.506731,0.692289,0.508911,15,Place
0.506796,0.692286,0.508787,15,Place
0.506796,0.692286,0.508787,16,Pick
0.509725,0.690730,0.510218,16,Pick
0.518444,0.685939,0.514511,16,Pick
0.532737,0.677549,0.521672,16,Pick
0.552220,0.664969,0.531709,16,Pick
0.576300,0.647408,0.544628,16,Pick
0.604127,0.623925,0.560434,16,Pick
0.634540,0.593486,0.579125,16,Pick
0.666008,0.555065,0.600683,16,Pick
0.696582,0.507761,0.625072,16,Pick
0.723882,0.450956,0.652223,16,Pick
0.745110,0.384509,0.682023,16,Pick
0.757133,0.308961,0.714300,16,Pick
0.756661,0.225763,0.748808,16,Pick
0.740511,0.137465,0.785202,16,Pick
0.706004,0.047842,0.823021,16,Pick
0.651635,-0.037892,0.861563,16,Pick
0.580907,-0.110966,0.898486,16,Pick
0.498599,-0.166923,0.932775,16,Pick
0.409345,-0.203857,0.964064,16,Pick
0.318101,-0.221052,0.992008,16,Pick
0.229836,-0.219037,1.016288,16,Pick
0.149220,-0.199553,1.036622,16,Pick
0.080330,-0.165454,1.052769,16,Pick
0.026383,-0.120518,1.064533,16,Pick
-0.010470,-0.069207,1.071774,16,Pick
-0.029288,-0.016376,1.074402,16,Pick
-0.030398,0.033048,1.072388,16,Pick
-0.015373,0.074386,1.065759,16,Pick
0.013070,0.103517,1.054601,16,Pick
0.051253,0.117147,1.039053,16,Pick
0.094778,0.113024,1.019309,16,Pick
0.138817,0.090078,0.995608,16,Pick
0.178419,0.048488,0.968232,16,Pick
0.208832,-0.010335,0.937500,16,Pick
0.225794,-0.083846,0.903756,16,Pick
0.225798,-0.168531,0.867368,16,Pick
0.206653,-0.259002,0.829192,16,Pick
0.170008,-0.346145,0.791606,16,Pick
0.119352,-0.425561,0.755398,16,Pick
0.058597,-0.494788,0.721038,16,Pick
-0.008353,-0.552699,0.688876,16,Pick
-0.077916,-0.599230,0.659161,16,Pick
-0.147011,-0.635095,0.632068,16,Pick
-0.213135,-0.661515,0.607709,16,Pick
-0.274350,-0.679991,0.586153,16,Pick
-0.329235,-0.692113,0.567435,16,Pick
-0.376799,-0.699431,0.551571,16,Pick
-0.416395,-0.703354,0.538560,16,Pick
-0.447625,-0.705091,0.528397,16,Pick
-0.470268,-0.705612,0.521072,16,Pick
-0.484212,-0.705626,0.516576,16,Pick
-0.489409,-0.705571,0.514903,16,Pick
-0.489447,-0.705571,0.514891,16,Pick
-0.489447,-0.705571,0.514891,16,Place
-0.489660,-0.704992,0.515489,16,Place
-0.490296,-0.703246,0.517287,16,Place
-0.491349,-0.700304,0.520288,16,Place
-0.492805,-0.696115,0.524497,16,Place
-0.494646,-0.690613,0.529925,16,Place
-0.496847,-0.683713,0.536580,16,Place
-0.499373,-0.675316,0.544475,16,Place
-0.502179,-0.665308,0.553622,16,Place
-0.505209,-0.653568,0.564031,16,Place
-0.508394,-0.639963,0.575710,16,Place
-0.511648,-0.624362,0.588664,16,Place
-0.514868,-0.606630,0.602888,16,Place
-0.517933,-0.586639,0.618368,16,Place
-0.520702,-0.564272,0.635075,16,Place
-0.523011,-0.539425,0.652961,16,Place
-0.524673,-0.512089,0.671900,16,Place
-0.525474,-0.483515,0.690938,16,Place
-0.525342,-0.454240,0.709688,16,Place
-0.524242,-0.424361,0.728068,16,Place
-0.522147,-0.393973,0.745990,16,Place
-0.519031,-0.363164,0.763370,16,Place
-0.514873,-0.332018,0.780116,16,Place
-0.509657,-0.300611,0.796142,16,Place
-0.503367,-0.269017,0.811360,16,Place
-0.495993,-0.237300,0.825685,16,Place
-0.487526,-0.205521,0.839034,16,Place
-0.477959,-0.173734,0.851328,16,Place
-0.467286,-0.141986,0.862494,16,Place
-0.455504,-0.110320,0.872462,16,Place
-0.442611,-0.078775,0.881171,16,Place
-0.428604,-0.047384,0.888565,16,Place
-0.413484,-0.016176,0.894597,16,Place
-0.397250,0.014821,0.899227,16,Place
-0.379904,0.045585,0.902423,16,Place
-0.361446,0.076092,0.904165,16,Place
-0.341881,0.106323,0.904437,16,Place
-0.321211,0.136256,0.903238,16,Place
-0.299443,0.165870,0.900570,16,Place
-0.276583,0.195145,0.896450,16,Place
-0.252641,0.224056,0.890900,16,Place
-0.227627,0.252578,0.883952,16,Place
-0.201557,0.280682,0.875647,16,Place
-0.174448,0.308337,0.866030,16,Place
-0.146322,0.335507,0.855159,16,Place
-0.117203,0.362155,0.843093,16,Place
-0.087123,0.388236,0.829899,16,Place
-0.056117,0.413704,0.815649,16,Place
-0.024226,0.438507,0.800420,16,Place
0.008504,0.462592,0.784288,16,Place
0.042018,0.485898,0.767337,16,Place
0.076258,0.508365,0.749648,16,Place
0.111156,0.529928,0.731303,16,Place
0.146641,0.550519,0.712384,16,Place
0.182631,0.570070,0.692973,16,Place
0.219041,0.588512,0.673147,16,Place
0.255006,0.605426,0.653405,16,Place
0.288873,0.620177,0.634687,16,Place
0.320490,0.632918,0.617110,16,Place
0.349772,0.643824,0.600742,16,Place
0.376664,0.653073,0.585632,16,Place
0.401134,0.660841,0.571812,16,Place
0.423169,0.667298,0.559306,16,Place
0.442771,0.672605,0.548124,16,Place
0.459954,0.676912,0.538275,16,Place
0.474739,0.680355,0.529761,16,Place
0.487153,0.683053,0.522583,16,Place
0.497221,0.685111,0.516738,16,Place
0.504971,0.686614,0.512225,16,Place
0.510423,0.687629,0.509042,16,Place
0.513595,0.688202,0.507187,16,Place
0.514507,0.688365,0.506653,16,Place
0.514507,0.688365,0.506653,17,Pick
0.510754,0.689647,0.507880,17,Pick
0.499465,0.693367,0.511561,17,Pick
0.480561,0.699147,0.517694,17,Pick
0.453936,0.706351,0.526276,17,Pick
0.419497,0.714089,0.537303,17,Pick
0.377217,0.721209,0.550760,17,Pick
0.327210,0.726317,0.566628,17,Pick
0.269810,0.727796,0.584873,17,Pick
0.205667,0.723856,0.605445,17,Pick
0.135842,0.712610,0.628272,17,Pick
0.061895,0.692193,0.653254,17,Pick
-0.014043,0.660909,0.680256,17,Pick
-0.089243,0.617433,0.709099,17,Pick
-0.160406,0.561042,0.739554,17,Pick
-0.223770,0.491864,0.771335,17,Pick
-0.275205,0.411362,0.803996,17,Pick
-0.309792,0.325957,0.835728,17,Pick
-0.326632,0.240605,0.865813,17,Pick
-0.326551,0.158859,0.894080,17,Pick
-0.311070,0.083977,0.920361,17,Pick
-0.282322,0.018788,0.944494,17,Pick
-0.242947,-0.034418,0.966326,17,Pick
-0.195963,-0.073977,0.985709,17,Pick
-0.144625,-0.098910,1.002508,17,Pick
-0.092281,-0.108950,1.016598,17,Pick
-0.042217,-0.104534,1.027863,17,Pick
0.002477,-0.086776,1.036202,17,Pick
0.039050,-0.057400,1.041528,17,Pick
0.065194,-0.018656,1.043767,17,Pick
0.079148,0.026789,1.042859,17,Pick
0.079761,0.075971,1.038763,17,Pick
0.066539,0.125766,1.031451,17,Pick
0.039984,0.172588,1.021032,17,Pick
0.003428,0.211777,1.008329,17,Pick
-0.039678,0.241942,0.993987,17,Pick
-0.086292,0.262961,0.978562,17,Pick
-0.133816,0.275432,0.962563,17,Pick
-0.180168,0.280437,0.946458,17,Pick
-0.223790,0.279338,0.930665,17,Pick
-0.263600,0.273617,0.915557,17,Pick
-0.298930,0.264749,0.901458,17,Pick
-0.329912,0.253841,0.888364,17,Pick
-0.359349,0.240176,0.874674,17,Pick
-0.387245,0.224314,0.860435,17,Pick
-0.413866,0.206800,0.845732,17,Pick
-0.443330,0.185140,0.828763,17,Pick
-0.475940,0.158089,0.809148,17,Pick
-0.510967,0.124756,0.786895,17,Pick
-0.547397,0.084188,0.762066,17,Pick
-0.583855,0.035423,0.734797,17,Pick
-0.618521,-0.022406,0.705317,17,Pick
-0.647997,-0.087175,0.675197,17,Pick
-0.669565,-0.150864,0.648001,17,Pick
-0.685248,-0.213719,0.623660,17,Pick
-0.694514,-0.282236,0.599895,17,Pick
-0.695118,-0.352594,0.578182,17,Pick
-0.687252,-0.417098,0.560468,17,Pick
-0.672660,-0.474659,0.546328,17,Pick
-0.653194,-0.524763,0.535266,17,Pick
-0.630659,-0.567339,0.526786,17,Pick
-0.606709,-0.602679,0.520419,17,Pick
-0.582777,-0.631336,0.515739,17,Pick
-0.560050,-0.654029,0.512376,17,Pick
-0.539469,-0.671544,0.510018,17,Pick
-0.521746,-0.684664,0.508409,17,Pick
-0.507401,-0.694100,0.507351,17,Pick
-0.496790,-0.700451,0.506692,17,Pick
-0.490145,-0.704170,0.506329,17,Pick
-0.487596,-0.705546,0.506200,17,Pick
-0.487569,-0.705560,0.506199,17,Pick
-0.487569,-0.705560,0.506199,17,Place
-0.490656,-0.704475,0.505998,17,Place
-0.499880,-0.701106,0.505404,17,Place
-0.515122,-0.695116,0.504434,17,Place
-0.536165,-0.685950,0.503121,17,Place
-0.562658,-0.672853,0.501512,17,Place
-0.594080,-0.654890,0.499670,17,Place
-0.629688,-0.630988,0.497675,17,Place
-0.668466,-0.599985,0.495629,17,Place
-0.709071,-0.560703,0.493653,17,Place
-0.749795,-0.512045,0.491892,17,Place
-0.788537,-0.453109,0.490516,17,Place
-0.822811,-0.383328,0.489718,17,Place
-0.849788,-0.302616,0.489716,17,Place
-0.866389,-0.211523,0.490750,17,Place
-0.869436,-0.111369,0.493079,17,Place
-0.855918,-0.004640,0.496957,17,Place
-0.825045,0.100955,0.502366,17,Place
-0.777967,0.200979,0.509229,17,Place
-0.716158,0.293053,0.517500,17,Place
-0.641399,0.375167,0.527117,17,Place
-0.555696,0.445704,0.537999,17,Place
-0.461189,0.503450,0.550050,17,Place
-0.360075,0.547582,0.563158,17,Place
-0.254536,0.577637,0.577199,17,Place
-0.146689,0.593478,0.592033,17,Place
-0.038543,0.595245,0.607512,17,Place
0.068021,0.583311,0.623478,17,Place
0.171262,0.558241,0.639766,17,Place
0.269577,0.520750,0.656205,17,Place
0.361494,0.471681,0.672621,17,Place
0.445652,0.411985,0.688837,17,Place
0.520794,0.342715,0.704680,17,Place
0.585753,0.265032,0.719977,17,Place
0.639451,0.180213,0.734559,17,Place
0.680904,0.089668,0.748265,17,Place
0.709241,-0.005042,0.760943,17,Place
0.723735,-0.102196,0.772450,17,Place
0.723839,-0.199906,0.782655,17,Place
0.709234,-0.296121,0.791439,17,Place
0.679880,-0.388653,0.798702,17,Place
0.636067,-0.475210,0.804354,17,Place
0.578463,-0.553447,0.808326,17,Place
0.508147,-0.621042,0.810567,17,Place
0.426632,-0.675769,0.811041,17,Place
0.335867,-0.715596,0.809734,17,Place
0.238219,-0.738782,0.806649,17,Place
0.136430,-0.743970,0.801808,17,Place
0.033551,-0.730276,0.795253,17,Place
-0.067151,-0.697371,0.787043,17,Place
-0.162297,-0.645533,0.777255,17,Place
-0.248522,-0.575683,0.765982,17,Place
-0.322610,-0.489392,0.753333,17,Place
-0.381630,-0.388854,0.739430,17,Place
-0.423067,-0.276836,0.724411,17,Place
-0.444943,-0.156587,0.708422,17,Place
-0.445916,-0.031731,0.691620,17,Place
-0.425361,0.093870,0.674171,17,Place
-0.383410,0.216265,0.656244,17,Place
-0.321864,0.330196,0.638242,17,Place
-0.247191,0.427846,0.621202,17,Place
-0.164626,0.508187,0.605356,17,Place
-0.078580,0.571831,0.590798,17,Place
0.007268,0.620184,0.577579,17,Place
0.090014,0.655148,0.565714,17,Place
0.167490,0.678875,0.555186,17,Place
0.238182,0.693570,0.545964,17,Place
0.301123,0.701352,0.537998,17,Place
0.355771,0.704158,0.531236,17,Place
0.401896,0.703685,0.525620,17,Place
0.439477,0.701364,0.521097,17,Place
0.468615,0.698352,0.517617,17,Place
0.489460,0.695538,0.515140,17,Place
0.502160,0.693550,0.513636,17,Place
0.506820,0.692769,0.513085,17,Place
0.506847,0.692764,0.513082,17,Place
0.506847,0.692764,0.513082,18,Pick
0.503795,0.692726,0.513089,18,Pick
0.494641,0.692569,0.513126,18,Pick
0.479393,0.692169,0.513237,18,Pick
0.458073,0.691317,0.513497,18,Pick
0.430722,0.689726,0.514010,18,Pick
0.397418,0.687030,0.514908,18,Pick
0.358291,0.682794,0.516351,18,Pick
0.313541,0.676523,0.518520,18,Pick
0.263458,0.667681,0.521619,18,Pick
0.208443,0.655709,0.525860,18,Pick
0.149021,0.640057,0.531458,18,Pick
0.085852,0.620219,0.538615,18,Pick
0.019730,0.595780,0.547504,18,Pick
-0.048434,0.566452,0.558245,18,Pick
-0.117642,0.532126,0.570885,18,Pick
-0.186676,0.493008,0.585326,18,Pick
-0.251770,0.451340,0.600676,18,Pick
-0.311862,0.408464,0.616330,18,Pick
-0.367182,0.365017,0.631905,18,Pick
-0.418063,0.321526,0.647019,18,Pick
-0.464910,0.278386,0.661299,18,Pick
-0.508165,0.235853,0.674396,18,Pick
-0.548273,0.194043,0.685987,18,Pick
-0.585646,0.152939,0.695790,18,Pick
-0.620635,0.112410,0.703562,18,Pick
-0.653497,0.072230,0.709115,18,Pick
-0.684383,0.032107,0.712311,18,Pick
-0.713322,-0.008281,0.713074,18,Pick
-0.740214,-0.049255,0.711385,18,Pick
-0.764840,-0.091099,0.707288,18,Pick
-0.786874,-0.134029,0.700883,18,Pick
-0.805898,-0.178162,0.692331,18,Pick
-0.821435,-0.223495,0.681841,18,Pick
-0.832978,-0.269891,0.669674,18,Pick
-0.840024,-0.317066,0.656131,18,Pick
-0.842112,-0.364594,0.641544,18,Pick
-0.838857,-0.411917,0.626276,18,Pick
-0.829982,-0.458359,0.610702,18,Pick
-0.815344,-0.503154,0.595207,18,Pick
-0.794970,-0.545453,0.580181,18,Pick
-0.770165,-0.582961,0.566528,18,Pick
-0.742649,-0.614561,0.554748,18,Pick
-0.713646,-0.640441,0.544851,18,Pick
-0.684247,-0.660998,0.536758,18,Pick
-0.655379,-0.676771,0.530324,18,Pick
-0.627797,-0.688395,0.525360,18,Pick
-0.602084,-0.696541,0.521660,18,Pick
-0.578671,-0.701883,0.519007,18,Pick
-0.557857,-0.705060,0.517192,18,Pick
-0.539836,-0.706654,0.516021,18,Pick
-0.524722,-0.707181,0.515321,18,Pick
-0.512571,-0.707071,0.514943,18,Pick
-0.503405,-0.706675,0.514767,18,Pick
-0.497223,-0.706256,0.514702,18,Pick
-0.494019,-0.705990,0.514685,18,Pick
-0.493523,-0.705946,0.514683,18,Pick
-0.493523,-0.705946,0.514683,18,Place
-0.493788,-0.706246,0.516397,18,Place
-0.494594,-0.707105,0.521564,18,Place
-0.495972,-0.708391,0.530267,18,Place
-0.497975,-0.709879,0.542630,18,Place
-0.500670,-0.711235,0.558813,18,Place
-0.504138,-0.712002,0.578989,18,Place
-0.508464,-0.711586,0.603314,18,Place
-0.513725,-0.709236,0.631890,18,Place
-0.519972,-0.704045,0.664715,18,Place
-0.527210,-0.694953,0.701620,18,Place
-0.535367,-0.680777,0.742199,18,Place
-0.544266,-0.660266,0.785734,18,Place
-0.553593,-0.632203,0.831131,18,Place
-0.562870,-0.595540,0.876875,18,Place
-0.571448,-0.549582,0.921027,18,Place
-0.578508,-0.494357,0.961194,18,Place
-0.583031,-0.433370,0.993704,18,Place
-0.584576,-0.369492,1.017229,18,Place
-0.583014,-0.304857,1.031646,18,Place
-0.578397,-0.241565,1.037341,18,Place
-0.570951,-0.181542,1.035185,18,Place
-0.561035,-0.126412,1.026477,18,Place
-0.549102,-0.077384,1.012856,18,Place
-0.535644,-0.035179,0.996187,18,Place
-0.521125,0.000015,0.978434,18,Place
-0.505931,0.028544,0.961519,18,Place
-0.490312,0.051250,0.947187,18,Place
-0.474343,0.069397,0.936881,18,Place
-0.457907,0.084562,0.931642,18,Place
-0.440687,0.098509,0.932028,18,Place
-0.422187,0.113040,0.938081,18,Place
-0.401770,0.129859,0.949316,18,Place
-0.378713,0.150431,0.964757,18,Place
-0.352272,0.175869,0.983007,18,Place
-0.321762,0.206848,1.002344,18,Place
-0.286624,0.243551,1.020841,18,Place
-0.246493,0.285658,1.036501,18,Place
-0.201254,0.332368,1.047399,18,Place
-0.151075,0.382460,1.051808,18,Place
-0.096418,0.434383,1.048321,18,Place
-0.038030,0.486370,1.035947,18,Place
0.023096,0.536565,1.014169,18,Place
0.085773,0.583147,0.982979,18,Place
0.148244,0.624182,0.943191,18,Place
0.206298,0.656945,0.898371,18,Place
0.258617,0.681444,0.851245,18,Place
0.304877,0.698531,0.803901,18,Place
0.345111,0.709320,0.758011,18,Place
0.379609,0.715021,0.714817,18,Place
0.408816,0.716825,0.675168,18,Place
0.433259,0.715825,0.639583,18,Place
0.453478,0.712977,0.608322,18,Place
0.469988,0.709083,0.581459,18,Place
0.483248,0.704793,0.558945,18,Place
0.493649,0.700616,0.540662,18,Place
0.501510,0.696939,0.526464,18,Place
0.507077,0.694044,0.516204,18,Place
0.510524,0.692123,0.509764,18,Place
0.511961,0.691293,0.507059,18,Place
0.512013,0.691262,0.506961,18,Place
0.512013,0.691262,0.506961,19,Pick
0.509920,0.691095,0.509983,19,Pick
0.503602,0.690531,0.519049,19,Pick
0.492948,0.689378,0.534156,19,Pick
0.477776,0.687305,0.555292,19,Pick
0.457838,0.683834,0.582415,19,Pick
0.432830,0.678318,0.615435,19,Pick
0.402409,0.669922,0.654174,19,Pick
0.366216,0.657606,0.698322,19,Pick
0.323922,0.640114,0.747371,19,Pick
0.275278,0.615967,0.800544,19,Pick
0.220196,0.583497,0.856701,19,Pick
0.158846,0.540910,0.914247,19,Pick
0.091768,0.486411,0.971046,19,Pick
0.019982,0.418392,1.024365,19,Pick
-0.054919,0.335710,1.070869,19,Pick
-0.130536,0.238306,1.106637,19,Pick
-0.201189,0.131983,1.127132,19,Pick
-0.264161,0.021261,1.130916,19,Pick
-0.318458,-0.090551,1.117905,19,Pick
-0.363619,-0.200065,1.088674,19,Pick
-0.398816,-0.301138,1.045910,19,Pick
-0.424483,-0.388521,0.994564,19,Pick
-0.442766,-0.462028,0.938397,19,Pick
-0.455586,-0.522360,0.880543,19,Pick
-0.464532,-0.570785,0.823468,19,Pick
-0.470834,-0.608858,0.769011,19,Pick
-0.475386,-0.638214,0.718464,19,Pick
-0.478805,-0.660427,0.672678,19,Pick
-0.481484,-0.676925,0.632167,19,Pick
-0.483656,-0.688941,0.597206,19,Pick
-0.485443,-0.697506,0.567906,19,Pick
-0.486896,-0.703449,0.544279,19,Pick
-0.488026,-0.707413,0.526287,19,Pick
-0.488823,-0.709871,0.513873,19,Pick
-0.489273,-0.711138,0.506984,19,Pick
-0.489376,-0.711416,0.505422,19,Pick
-0.489376,-0.711416,0.505422,19,Place
-0.486159,-0.710844,0.505327,19,Place
-0.476539,-0.709043,0.505055,19,Place
-0.460608,-0.705765,0.504638,19,Place
-0.438536,-0.700603,0.504136,19,Place
-0.410588,-0.693007,0.503635,19,Place
-0.377152,-0.682304,0.503248,19,Place
-0.338766,-0.667733,0.503122,19,Place
-0.296148,-0.648486,0.503439,19,Place
-0.250218,-0.623759,0.504418,19,Place
-0.202115,-0.592821,0.506319,19,Place
-0.153191,-0.555089,0.509441,19,Place
-0.104986,-0.510207,0.514117,19,Place
-0.059179,-0.458118,0.520713,19,Place
-0.017504,-0.399133,0.529618,19,Place
0.018351,-0.333956,0.541222,19,Place
0.046803,-0.263880,0.555863,19,Place
0.066052,-0.193459,0.573036,19,Place
0.076419,-0.125035,0.592373,19,Place
0.078869,-0.059525,0.613683,19,Place
0.074385,0.002431,0.636742,19,Place
0.063904,0.060440,0.661296,19,Place
0.048256,0.114310,0.687064,19,Place
0.028169,0.163912,0.713702,19,Place
0.005307,0.207424,0.739716,19,Place
-0.018965,0.244656,0.764243,19,Place
-0.043873,0.276320,0.787029,19,Place
-0.068803,0.303041,0.807911,19,Place
-0.093723,0.324838,0.827386,19,Place
-0.118407,0.341394,0.845839,19,Place
-0.141568,0.353904,0.862338,19,Place
-0.162650,0.363281,0.876677,19,Place
-0.181415,0.370116,0.888946,19,Place
-0.197691,0.374941,0.899242,19,Place
-0.211629,0.377675,0.908060,19,Place
-0.224817,0.375457,0.917901,19,Place
-0.236874,0.367482,0.928996,19,Place
-0.246634,0.353338,0.940849,19,Place
-0.255058,0.333628,0.953875,19,Place
-0.262192,0.308320,0.968197,19,Place
-0.266218,0.276956,0.983104,19,Place
-0.264912,0.239414,0.997756,19,Place
-0.255695,0.196125,1.011185,19,Place
-0.235758,0.148299,1.022302,19,Place
-0.202291,0.098153,1.029911,19,Place
-0.152835,0.049091,1.032730,19,Place
-0.085767,0.005776,1.029424,19,Place
-0.000890,-0.025975,1.018648,19,Place
0.099918,-0.039561,0.999102,19,Place
0.209582,-0.028842,0.970359,19,Place
0.314922,0.007098,0.934359,19,Place
0.405359,0.062608,0.894193,19,Place
0.477615,0.131145,0.851724,19,Place
0.530947,0.206512,0.808482,19,Place
0.566392,0.283380,0.765742,19,Place
0.586173,0.357574,0.724541,19,Place
0.593172,0.426129,0.685703,19,Place
0.590496,0.487195,0.649871,19,Place
0.581168,0.539851,0.617531,19,Place
0.567930,0.583881,0.589046,19,Place
0.553128,0.619550,0.564676,19,Place
0.538679,0.647407,0.544603,19,Place
0.526073,0.668105,0.528949,19,Place
0.516406,0.682280,0.517795,19,Place
0.510421,0.690442,0.511189,19,Place
0.508534,0.692929,0.509147,19,Place
